"","reg5","reg7","income","gender","age","edu1","edu2","occ","group","pq1","pq2","pq3","pq4","partyID","pq6","ideology","pq8","pq9","pq10","treat","direct","indirect","q3","q4","q5","q6","q7","q8","q9"
"1",3,3,0,2,44,1,1,0,0,1,14,2,2,8,0,3,2,2,4,2,3,1,4,2,1,2,5,4,1
"2",3,2,1,2,55,3,2,0,0,1,1,1,1,7,0,6,2,1,3,2,1,2,4,2,1,1,5,5,1
"3",3,7,3,1,42,3,2,4,0,1,4,4,2,7,0,2,2,1,3,1,2,2,3,3,3,3,3,3,1
"4",4,6,1,2,56,4,2,2,0,1,11,11,3,3,1,2,1,1,4,1,2,3,4,3,3,2,5,5,1
"5",3,6,2,2,41,6,0,0,0,1,10,1,2,8,0,6,1,1,3,1,1,2,3,3,3,3,3,3,1
"6",2,3,5,1,40,4,1,4,0,1,7,3,1,7,0,3,2,1,2,5,3,3,4,3,2,3,4,4,1
"7",1,1,0,2,21,3,1,0,0,1,1,1,2,3,2,3,1,1,3,5,2,3,2,2,2,3,4,3,1
"8",2,4,5,1,30,4,1,0,0,1,10,1,2,7,0,3,1,1,4,1,3,2,4,3,1,1,1,1,1
"9",3,5,2,2,51,4,2,2,0,1,13,1,2,7,0,2,3,1,5,5,3,1,3,2,3,2,3,4,1
"10",3,2,9,2,52,3,2,0,0,1,10,10,2,7,0,4,1,4,3,5,3,2,3,3,3,3,4,3,1
"11",3,3,1,1,53,6,0,0,0,1,13,13,2,8,0,6,3,3,4,2,3,3,3,3,3,3,3,3,1
"12",3,6,3,2,38,4,2,0,0,1,9,9,2,7,0,3,1,1,5,5,3,3,1,1,1,1,5,5,1
"13",3,6,4,1,45,3,2,4,0,1,9,9,2,8,0,4,1,1,5,1,2,1,3,3,2,3,3,2,1
"14",1,1,7,2,27,4,2,3,0,1,14,14,1,3,2,2,3,1,5,3,3,2,3,2,2,2,3,4,1
"15",3,3,3,2,55,3,2,0,0,1,14,14,2,4,1,3,1,1,3,3,1,3,4,3,3,2,3,3,1
"16",3,2,2,2,38,4,2,0,0,1,11,1,1,3,2,2,2,1,5,3,2,3,3,3,3,3,3,3,1
"17",3,5,2,2,44,3,1,3,0,1,10,10,2,3,1,2,1,3,3,1,1,2,4,4,4,4,4,4,1
"18",1,1,3,2,39,4,2,0,0,1,10,10,2,2,2,1,3,2,3,3,1,1,4,3,3,3,3,3,1
"19",3,2,4,2,46,4,2,3,0,1,12,12,2,3,2,2,1,1,4,2,2,2,4,4,3,3,3,3,1
"20",3,2,1,1,20,3,1,0,0,1,15,8,2,7,0,3,1,1,4,5,1,1,3,3,3,3,4,4,1
"21",2,3,3,1,59,4,2,3,0,1,3,3,1,2,2,4,1,1,5,4,2,2,3,2,2,1,4,4,1
"22",3,2,0,2,68,2,2,9,0,1,13,13,1,2,1,2,2,1,1,2,2,3,3,3,3,3,3,1,1
"23",2,2,4,1,70,4,2,3,0,1,12,4,1,5,2,3,1,1,3,4,2,2,3,3,3,3,3,3,1
"24",3,2,3,2,55,5,1,2,0,1,10,10,2,7,0,4,1,2,3,1,2,3,4,1,1,1,5,5,1
"25",3,6,2,2,55,3,2,5,0,1,15,15,2,4,2,3,1,4,3,2,3,2,5,5,5,3,3,3,1
"26",4,7,2,2,50,4,2,3,0,1,5,5,3,4,2,4,2,3,4,2,3,1,1,1,1,1,1,5,1
"27",2,2,5,1,45,3,2,4,0,1,9,9,1,7,0,6,3,1,5,2,3,3,3,3,3,3,3,3,1
"28",3,7,2,2,64,4,2,2,0,1,11,11,2,7,0,2,2,1,3,4,2,2,3,3,3,3,3,3,1
"29",1,1,4,2,31,4,2,2,0,1,1,1,1,3,1,2,1,1,3,5,2,2,3,3,2,2,4,4,1
"30",3,2,1,1,22,3,1,0,0,1,1,8,2,1,2,4,1,4,5,3,2,3,3,3,2,3,4,5,1
"31",2,5,0,1,33,4,2,0,0,1,10,6,1,7,0,4,1,1,3,3,3,2,5,2,2,2,4,5,1
"32",1,1,2,2,49,6,0,0,0,1,1,1,1,8,0,6,1,3,1,3,1,2,3,5,1,4,5,3,1
"33",3,2,10,2,40,4,2,1,0,1,1,1,1,7,0,5,1,1,5,3,1,2,3,3,1,1,3,3,1
"34",3,2,3,2,59,3,2,5,0,1,15,8,2,1,2,4,1,2,3,4,3,4,4,4,2,2,4,3,1
"35",2,4,0,2,45,6,0,5,0,1,11,11,1,7,0,4,1,1,5,5,2,2,5,5,5,5,5,5,1
"36",2,5,4,1,40,4,2,3,0,1,6,6,1,3,2,2,1,1,3,4,3,2,2,2,1,2,3,4,1
"37",1,1,3,1,36,6,0,3,0,1,2,1,1,3,2,4,1,1,4,4,2,2,2,1,1,1,5,4,1
"38",3,2,8,2,31,3,2,0,0,1,8,8,2,7,0,1,2,2,5,1,3,1,4,4,4,3,4,3,1
"39",3,2,11,1,43,4,2,1,0,1,10,1,1,3,1,1,1,1,4,2,2,3,1,1,1,1,5,5,1
"40",3,6,2,2,48,5,1,3,0,1,1,1,2,7,0,4,1,3,3,5,2,4,5,5,1,5,5,5,1
"41",3,2,8,1,28,4,1,0,0,1,8,8,2,1,2,2,3,2,4,5,3,4,2,3,2,2,4,4,1
"42",3,3,6,1,49,4,2,3,0,1,13,13,2,7,0,4,1,1,4,4,1,3,4,4,4,4,4,4,1
"43",3,5,8,2,60,5,1,0,0,1,1,1,2,3,2,2,1,1,3,1,2,2,4,2,2,2,4,4,1
"44",2,5,3,1,25,4,1,0,0,1,8,8,2,3,2,3,2,3,4,1,2,1,3,3,3,3,3,3,1
"45",2,2,5,1,47,4,2,3,0,1,4,3,1,3,2,3,1,1,3,4,2,2,4,3,2,4,5,5,1
"46",3,5,5,1,58,3,2,3,0,1,14,14,1,7,0,2,1,3,3,4,4,2,3,3,3,3,3,3,1
"47",1,1,7,1,36,4,2,3,0,1,1,1,1,3,1,2,2,1,3,1,2,1,3,4,4,4,2,4,1
"48",3,2,2,1,62,5,1,5,0,1,14,1,2,7,0,5,1,1,3,2,2,3,4,2,2,3,4,4,1
"49",2,2,4,2,54,2,2,9,0,1,10,10,1,1,2,4,1,3,3,2,2,1,3,2,2,2,3,3,1
"50",1,1,2,1,53,4,2,0,0,1,10,1,1,5,2,3,1,1,3,2,2,3,4,3,2,2,4,4,1
"51",2,4,2,2,22,2,2,0,0,1,14,3,2,8,0,6,2,4,3,4,2,1,3,2,1,1,4,4,1
"52",2,7,1,2,62,3,2,9,0,1,12,11,1,3,2,2,3,1,3,2,2,2,3,1,1,3,5,5,1
"53",3,2,1,2,24,5,1,0,0,1,1,1,2,7,0,3,1,1,4,4,2,2,4,2,1,2,4,4,1
"54",1,1,7,1,39,4,1,2,0,1,1,1,1,7,0,1,1,4,5,5,3,3,3,4,1,3,3,3,1
"55",3,2,1,1,62,5,1,0,0,1,10,10,2,2,2,4,1,1,3,5,1,2,5,5,5,5,5,5,1
"56",3,2,1,1,54,4,2,0,0,1,12,1,2,3,2,3,2,1,5,4,2,2,2,2,1,2,4,4,1
"57",3,7,0,1,59,3,2,6,0,1,11,11,2,3,1,4,1,1,3,2,3,3,5,3,3,3,5,5,1
"58",4,3,4,1,49,3,2,4,0,1,15,15,3,1,2,3,1,1,4,1,3,1,4,2,1,2,4,5,1
"59",2,2,3,2,50,4,1,1,0,1,2,2,1,3,2,3,2,3,3,4,3,3,4,4,4,3,4,4,1
"60",3,2,4,1,42,4,2,3,0,1,2,2,2,3,2,2,1,1,4,5,3,2,4,2,1,3,5,5,1
"61",1,1,3,2,28,4,2,3,0,1,1,1,2,3,2,2,1,3,1,5,3,2,3,3,3,3,3,3,1
"62",3,2,2,1,69,4,2,0,0,1,13,3,1,1,2,4,1,1,1,5,3,3,3,3,3,3,5,4,1
"63",3,2,2,1,54,3,2,4,0,1,1,1,2,7,0,3,1,1,4,4,2,3,4,2,2,2,4,4,1
"64",2,4,2,2,53,3,2,0,0,1,3,3,1,7,0,3,1,4,3,3,2,2,3,1,1,1,5,4,1
"65",4,5,2,2,36,3,2,0,0,1,10,10,3,7,0,6,1,1,4,3,1,2,4,1,1,1,1,2,1
"66",2,2,2,2,51,3,2,0,0,1,14,11,1,7,0,3,2,1,3,4,2,2,2,2,1,2,3,4,1
"67",3,2,2,1,55,3,2,4,0,1,8,12,2,4,2,3,3,3,3,2,2,2,3,2,2,2,4,4,1
"68",3,3,2,2,62,3,2,0,0,1,14,14,2,3,2,2,1,1,3,4,3,3,2,2,2,2,4,4,1
"69",3,2,3,1,50,3,2,4,0,1,13,1,2,7,0,3,1,1,4,1,1,3,3,4,2,4,5,5,1
"70",1,1,4,2,54,3,2,9,0,1,14,14,1,3,2,2,1,3,3,4,3,4,3,2,2,2,3,3,1
"71",1,1,4,1,34,3,2,0,0,1,1,1,1,1,1,4,1,1,3,5,2,3,5,2,1,1,4,5,1
"72",3,5,2,2,57,4,2,5,0,1,6,6,1,2,2,4,1,1,4,1,2,1,2,2,1,1,5,5,1
"73",3,7,8,1,22,4,1,0,0,1,11,4,2,3,2,3,2,1,3,4,2,3,3,3,3,3,2,4,1
"74",2,2,4,2,37,3,1,4,0,1,4,1,1,7,0,3,2,1,3,5,3,2,2,1,1,1,5,5,1
"75",2,4,6,1,62,4,1,1,0,1,3,13,1,7,0,4,1,1,3,4,3,2,1,1,1,1,5,5,1
"76",2,4,3,1,60,4,2,2,0,1,3,13,3,7,0,4,1,1,4,4,3,2,1,1,1,1,1,5,1
"77",2,3,5,2,56,5,1,2,0,1,14,2,1,3,2,2,1,1,4,5,2,2,4,2,2,2,4,4,1
"78",4,5,2,2,52,2,2,0,0,1,9,10,3,7,0,6,1,1,3,3,1,2,3,3,5,1,5,3,1
"79",3,5,4,1,44,3,2,4,0,1,10,15,2,3,1,4,1,1,4,5,2,2,3,3,3,3,3,3,1
"80",1,1,3,2,64,5,1,9,0,1,1,15,1,7,0,4,1,1,3,1,3,3,3,3,3,3,3,3,1
"81",2,2,3,2,54,3,2,0,0,1,13,13,1,7,0,3,1,1,5,3,3,3,5,3,5,5,5,5,1
"82",3,6,3,1,45,3,2,4,0,1,15,15,2,7,0,6,1,4,5,2,2,2,1,1,1,1,5,5,1
"83",3,3,1,2,49,3,2,0,0,1,14,14,2,7,0,6,1,1,3,3,3,1,3,2,1,1,1,1,1
"84",3,3,3,1,63,5,1,0,0,1,14,14,2,2,1,4,1,1,3,5,3,3,1,1,1,1,5,5,1
"85",3,2,1,2,56,6,0,0,0,1,12,12,2,4,2,3,2,3,4,1,3,3,3,2,2,1,5,5,1
"86",3,5,6,2,38,4,2,3,0,1,10,4,2,7,0,4,1,1,4,1,1,2,2,2,2,2,2,2,1
"87",3,6,3,1,46,3,2,5,0,1,13,13,2,7,0,3,1,2,5,3,2,1,4,2,1,1,4,4,1
"88",1,1,3,2,36,3,2,0,0,1,1,1,1,7,0,6,1,2,5,1,1,2,3,3,3,3,3,3,1
"89",3,2,2,2,58,3,2,3,0,1,8,8,2,7,0,4,1,1,4,5,2,1,3,1,1,1,5,5,1
"90",3,7,2,2,56,4,2,0,0,1,11,11,2,5,1,1,1,1,4,2,2,2,2,2,1,1,4,4,1
"91",1,1,4,2,45,3,2,3,0,1,10,1,1,3,1,3,3,1,3,4,3,4,1,5,1,1,5,5,1
"92",3,3,0,2,57,2,2,9,0,1,13,3,2,7,0,4,3,1,3,3,1,1,1,1,1,1,5,5,1
"93",4,6,4,2,48,3,2,5,0,1,9,13,3,7,0,4,1,3,5,1,2,1,4,4,1,2,4,5,1
"94",2,7,2,1,42,3,2,4,0,1,10,12,1,3,1,2,1,3,3,5,3,2,5,4,3,3,3,4,1
"95",1,1,3,2,58,6,0,0,0,1,12,1,1,8,0,3,1,1,4,5,2,2,3,3,3,2,3,3,1
"96",2,5,3,1,58,4,2,1,0,1,10,10,1,8,0,2,2,1,3,5,3,3,4,3,2,4,4,4,1
"97",1,1,2,2,54,3,2,1,0,1,14,2,1,3,1,6,2,1,3,4,2,2,5,3,3,3,3,3,1
"98",2,3,5,2,47,3,2,0,0,1,2,2,1,3,2,2,1,1,3,1,2,2,2,2,1,1,4,4,1
"99",1,1,2,2,62,3,2,0,0,1,12,12,2,7,0,6,2,1,4,2,3,2,2,1,1,1,4,5,1
"100",3,2,3,1,57,3,2,3,0,1,10,4,1,4,2,3,1,2,3,3,2,1,5,3,1,4,5,4,1
"101",3,2,0,2,57,4,2,0,0,1,1,1,2,5,1,2,1,1,3,2,2,1,3,3,2,4,4,4,1
"102",3,2,0,2,68,3,2,0,0,1,1,1,2,3,1,1,1,1,3,4,2,2,3,3,3,3,3,3,1
"103",2,4,2,1,41,4,2,4,0,1,13,3,1,3,1,2,1,1,4,5,3,2,3,2,1,4,5,5,1
"104",2,7,2,2,51,3,2,4,0,1,5,5,1,7,0,4,1,3,5,1,3,2,4,2,1,1,5,4,1
"105",2,2,2,2,65,3,2,9,0,1,13,13,1,8,0,4,1,1,3,4,1,1,3,3,3,3,3,3,1
"106",3,2,4,2,46,4,2,0,0,1,9,8,2,3,1,2,1,1,3,2,2,3,3,3,3,3,3,3,1
"107",2,2,4,1,44,3,2,4,0,1,11,4,1,3,1,1,2,1,4,4,3,3,3,2,1,3,4,4,1
"108",1,1,3,1,61,3,2,0,0,1,14,15,1,1,1,4,1,1,3,2,2,4,2,3,2,1,2,2,1
"109",1,1,1,2,57,3,2,2,0,1,15,15,1,4,1,4,1,1,4,2,3,2,4,4,1,2,4,4,1
"110",1,1,2,2,54,3,1,9,0,1,12,12,1,7,0,3,2,2,4,3,3,3,4,2,1,1,5,5,1
"111",2,5,1,2,57,4,2,0,0,1,10,1,1,3,2,2,2,1,3,3,2,2,1,1,1,4,5,5,1
"112",1,1,2,2,61,3,2,5,0,1,15,15,1,7,0,3,1,1,3,4,1,1,3,2,2,3,4,4,1
"113",2,7,2,1,57,5,1,4,0,1,5,5,1,5,1,2,1,1,3,2,3,1,1,1,1,1,5,5,1
"114",3,2,3,2,45,5,1,0,0,1,11,11,2,3,1,1,3,1,3,5,2,2,5,3,3,4,4,5,1
"115",1,1,5,1,67,4,2,1,0,1,8,1,2,7,0,4,1,1,3,4,3,3,5,5,1,4,5,5,1
"116",3,3,1,2,43,6,0,0,0,1,13,3,2,3,1,2,1,1,4,5,3,3,1,1,1,1,5,5,1
"117",2,5,2,1,69,2,2,0,0,1,15,15,1,7,0,4,1,1,4,1,2,3,3,3,3,3,3,5,1
"118",3,7,1,2,64,3,2,9,0,1,16,16,2,1,1,5,1,1,3,4,2,2,5,4,4,4,5,5,1
"119",2,7,2,2,48,6,0,0,0,1,5,5,1,8,0,6,4,3,4,4,3,2,1,3,5,3,5,4,1
"120",3,5,7,1,35,4,2,4,0,1,10,2,1,8,0,2,1,1,4,3,1,1,2,2,1,1,4,5,1
"121",3,2,3,1,61,3,2,4,0,1,8,8,2,1,1,4,1,1,4,5,1,3,4,4,3,3,5,5,1
"122",3,3,5,2,55,3,2,2,0,1,9,13,2,1,1,3,1,1,3,2,3,2,3,2,1,1,2,4,1
"123",3,2,2,2,63,4,2,0,0,1,1,8,2,1,1,1,1,2,3,3,4,2,3,3,1,3,4,4,1
"124",3,7,4,2,57,3,2,9,0,1,12,12,3,3,1,6,2,3,3,4,1,1,3,1,1,1,1,1,1
"125",1,1,1,2,59,3,2,0,0,1,4,1,1,7,0,3,1,1,4,1,1,2,3,1,1,1,5,5,1
"126",2,5,1,2,50,4,1,9,0,1,6,6,2,3,1,1,2,2,3,3,2,1,3,1,1,1,5,5,1
"127",3,2,2,1,68,4,2,0,0,1,8,8,2,1,2,4,1,1,4,4,2,2,3,2,1,1,5,5,1
"128",4,7,2,2,52,3,2,3,0,1,11,1,1,4,2,3,3,1,3,1,2,1,4,4,3,4,5,5,1
"129",3,2,3,2,56,3,2,0,0,1,15,15,2,3,1,2,2,3,4,1,2,2,1,1,1,1,5,5,1
"130",2,2,4,1,46,3,2,4,0,1,15,15,1,7,0,2,1,4,3,1,2,2,4,3,4,4,4,4,1
"131",2,5,2,1,67,4,2,0,0,1,10,10,1,2,1,3,1,1,3,1,2,2,3,3,3,1,1,5,1
"132",3,2,2,2,60,4,2,0,0,1,8,8,2,1,1,1,1,1,3,4,2,3,3,3,3,5,5,5,1
"133",1,1,1,2,60,4,2,9,0,1,3,3,1,8,0,4,1,4,4,4,3,2,4,2,2,4,4,3,1
"134",2,7,3,1,59,4,2,3,0,1,12,12,1,3,1,2,1,1,3,5,1,2,4,4,2,5,4,5,1
"135",2,3,2,2,60,6,0,5,0,1,13,7,1,3,1,1,2,1,1,3,2,2,2,1,2,3,1,2,1
"136",2,5,1,2,50,3,2,0,0,1,9,6,1,7,0,5,1,4,4,3,1,1,5,3,2,3,4,4,1
"137",1,1,2,2,64,4,2,2,0,1,1,1,1,7,0,4,2,1,3,1,3,3,3,2,1,2,3,4,1
"138",3,7,2,2,55,4,2,3,0,1,11,11,2,3,2,2,1,4,3,2,2,2,3,3,1,3,3,3,1
"139",2,4,2,2,55,3,2,5,0,1,3,3,1,7,0,2,1,1,4,4,3,2,4,1,1,1,5,5,1
"140",4,6,1,2,47,3,2,0,0,1,8,8,3,7,0,3,1,2,5,5,2,2,5,1,1,5,5,5,1
"141",3,2,11,2,57,4,1,5,0,1,11,11,2,3,1,2,2,1,3,1,3,2,4,1,1,5,5,5,1
"142",3,2,2,2,55,4,1,0,0,1,8,8,2,1,2,5,1,1,5,2,3,3,1,1,3,3,3,5,1
"143",3,2,2,2,58,4,1,3,0,1,14,14,2,7,0,3,1,1,4,4,2,3,5,2,1,2,5,5,1
"144",3,5,2,2,50,3,2,4,0,1,11,11,3,3,2,3,2,1,3,4,2,2,1,1,2,4,5,1,1
"145",3,7,3,1,62,1,2,4,0,1,12,12,3,7,0,3,2,2,4,3,1,1,3,1,1,1,1,5,1
"146",3,2,4,1,66,4,2,0,0,1,4,4,1,3,2,3,1,1,3,5,2,2,5,3,3,2,4,4,1
"147",1,1,5,2,54,4,2,0,0,1,2,2,1,7,0,4,1,1,3,1,3,2,4,3,3,3,3,3,1
"148",3,6,3,1,43,3,2,4,0,1,9,9,2,7,0,6,1,3,4,3,2,1,3,3,1,1,4,2,1
"149",3,3,1,1,57,5,1,0,0,1,14,14,2,3,2,1,1,1,3,4,1,2,1,1,1,1,5,5,1
"150",2,5,11,2,21,4,1,0,0,1,10,10,1,3,2,3,1,1,3,5,3,1,4,5,4,5,2,1,1
"151",3,2,5,1,68,4,2,0,0,1,10,10,2,3,1,4,1,1,3,5,3,2,4,2,2,2,4,4,1
"152",2,3,2,2,69,3,2,9,0,1,14,14,1,7,0,4,3,2,4,2,2,3,3,4,2,2,2,2,1
"153",1,1,5,2,55,4,1,5,0,1,1,4,1,7,0,4,1,4,4,5,3,3,1,1,1,1,5,5,1
"154",2,3,10,2,48,4,2,2,0,1,2,2,1,7,0,2,2,1,2,2,2,2,3,3,3,2,3,3,1
"155",3,2,4,2,67,5,1,2,0,1,12,12,3,1,2,4,2,3,4,3,2,3,1,1,1,1,5,5,1
"156",3,2,1,1,55,4,2,0,0,1,5,5,2,3,1,2,1,1,3,3,2,3,1,1,2,1,5,5,1
"157",3,2,6,2,49,3,2,0,0,1,8,10,3,8,0,6,3,2,4,4,1,4,4,3,4,4,5,4,1
"158",4,6,2,2,49,3,2,5,0,1,15,15,3,7,0,6,1,2,3,4,2,2,3,1,1,1,1,5,1
"159",3,2,2,2,54,3,2,0,0,1,8,8,2,3,1,2,1,1,3,4,2,2,3,2,2,5,4,4,1
"160",1,1,2,1,64,3,2,0,0,1,12,12,2,7,0,3,1,1,4,4,3,3,1,1,1,1,5,5,1
"161",3,2,5,2,59,3,2,5,0,1,8,8,2,7,0,2,1,1,3,1,2,1,3,2,1,1,4,4,1
"162",3,7,4,1,60,3,2,0,0,1,1,1,2,7,0,3,1,1,4,2,1,2,1,1,1,1,5,5,1
"163",2,2,2,2,42,6,0,3,0,1,10,10,1,7,0,3,2,1,4,3,3,3,3,3,3,3,3,5,1
"164",4,2,4,2,48,3,2,5,0,1,15,15,3,7,0,4,1,1,3,2,2,2,3,1,1,2,4,4,1
"165",1,1,2,1,48,3,2,0,0,1,14,1,1,7,0,3,1,1,3,1,1,1,2,2,2,2,4,4,1
"166",2,7,2,2,61,6,0,5,0,1,12,12,1,7,0,6,2,3,1,4,3,3,4,1,1,1,1,1,1
"167",3,2,3,2,31,4,2,2,0,1,12,1,2,8,0,4,1,2,1,1,2,2,2,4,2,3,3,4,1
"168",4,2,2,2,65,3,2,9,0,1,1,1,3,7,0,4,1,3,3,3,2,3,4,4,4,3,4,4,1
"169",4,2,4,1,53,3,2,0,0,1,8,8,3,1,2,2,2,1,2,1,1,1,2,3,3,3,3,3,1
"170",3,3,5,1,64,5,1,6,0,1,13,13,2,1,2,4,1,1,3,3,3,3,3,2,2,2,4,4,1
"171",3,2,2,2,53,3,2,0,0,1,8,1,1,3,2,2,1,1,3,3,1,3,3,3,1,3,5,5,1
"172",3,6,3,1,69,5,1,0,0,1,9,9,2,7,0,5,1,1,3,5,1,2,4,1,1,1,4,4,1
"173",1,1,3,1,48,6,0,2,0,1,1,1,1,7,0,6,3,1,5,5,1,2,3,1,1,1,5,5,1
"174",2,3,4,2,59,3,2,0,0,1,14,14,1,7,0,4,2,2,4,2,3,1,5,3,3,3,4,4,1
"175",2,3,3,1,52,3,2,0,0,1,10,10,1,3,1,2,1,1,3,4,1,3,3,1,1,1,5,5,1
"176",3,5,1,2,36,4,2,0,0,1,10,10,2,3,2,2,1,1,4,5,2,3,2,3,1,4,5,5,1
"177",2,4,5,1,30,4,1,0,0,1,14,14,3,3,2,3,1,1,4,5,3,2,4,3,2,2,3,4,1
"178",2,7,3,1,61,4,2,0,0,1,5,5,1,4,2,2,1,1,3,1,3,2,4,4,1,2,5,4,1
"179",3,7,9,1,53,4,2,3,0,1,12,12,2,2,1,2,1,1,4,1,2,1,4,3,2,4,4,4,1
"180",2,4,1,2,39,3,2,0,0,1,13,13,1,8,0,3,1,2,3,2,2,1,3,4,1,2,4,3,1
"181",3,6,5,2,51,3,2,9,0,1,15,15,2,7,0,4,1,1,1,1,2,3,3,2,2,2,3,4,1
"182",3,7,2,2,34,4,2,2,0,1,12,12,2,8,0,6,2,1,3,3,3,1,2,2,1,1,2,2,1
"183",3,5,0,2,60,3,2,9,0,1,1,1,2,7,0,3,1,1,3,1,3,2,4,2,1,1,5,4,1
"184",1,1,5,2,46,3,2,4,0,1,8,8,1,7,0,4,1,3,3,3,3,4,5,3,2,4,4,4,1
"185",3,6,9,2,22,4,1,0,0,1,15,15,2,7,0,2,1,3,1,2,3,2,3,2,1,2,4,2,1
"186",2,5,1,2,57,4,2,0,0,1,8,8,1,3,2,3,1,2,3,4,2,3,3,3,3,2,4,3,1
"187",2,5,2,1,42,3,2,5,0,1,4,4,1,7,0,6,1,3,4,5,2,2,3,1,1,4,5,4,1
"188",3,2,0,2,61,3,2,0,0,1,8,14,2,7,0,4,1,1,3,5,3,2,3,3,1,3,4,4,1
"189",2,4,1,1,67,2,2,0,0,1,3,3,1,1,1,4,1,1,3,3,3,2,1,1,1,2,3,5,1
"190",1,1,6,1,48,4,2,4,0,1,8,8,2,7,0,6,2,1,3,4,3,3,2,2,2,2,4,4,1
"191",1,1,2,1,64,4,2,0,0,1,13,1,1,7,0,5,1,1,3,3,3,2,3,2,2,1,3,3,1
"192",3,7,1,2,57,3,2,5,0,1,11,11,2,7,0,6,1,1,3,5,2,2,2,2,2,2,4,4,1
"193",3,7,11,2,25,4,2,0,0,1,2,2,2,8,0,2,2,1,5,1,2,2,2,2,2,1,2,1,1
"194",3,2,3,1,61,4,2,1,0,1,5,5,2,4,2,3,1,1,3,2,2,3,4,4,2,4,5,5,1
"195",1,1,0,2,58,2,1,9,0,1,1,1,1,7,0,3,3,4,2,4,3,3,3,3,4,4,2,4,1
"196",3,7,2,1,64,4,2,6,0,1,11,11,2,4,1,3,1,1,3,2,2,2,3,1,1,2,5,5,1
"197",2,2,1,2,61,3,2,5,0,1,13,3,1,7,0,1,2,1,5,4,3,4,3,2,2,3,4,4,1
"198",3,2,3,2,57,3,2,5,0,1,12,12,2,5,1,3,1,1,3,1,2,3,4,4,4,3,3,4,1
"199",4,5,2,2,56,6,0,6,0,1,11,11,3,8,0,6,3,2,3,5,1,1,3,3,3,3,1,3,1
"200",3,7,0,2,53,2,2,9,0,1,9,9,2,5,1,2,1,1,4,1,3,1,3,2,2,2,2,4,1
"201",2,3,5,2,39,4,2,5,0,1,2,2,2,8,0,6,1,1,4,1,2,2,3,4,2,3,2,3,1
"202",3,6,0,1,64,3,2,0,0,1,9,1,2,4,1,1,2,4,3,3,2,2,3,3,3,5,5,3,1
"203",2,3,0,2,46,5,1,2,0,1,2,2,1,7,0,3,4,1,4,1,2,1,2,3,1,2,4,3,1
"204",3,3,3,1,52,3,2,4,0,1,14,14,2,7,0,4,1,1,4,2,1,2,3,2,1,2,5,4,1
"205",3,6,5,1,37,4,1,7,0,1,13,8,2,7,0,3,1,2,3,4,2,3,3,1,1,1,4,4,1
"206",2,2,9,1,46,4,2,2,0,1,4,4,1,5,1,2,1,1,3,4,2,2,3,2,2,3,4,4,1
"207",2,5,2,2,43,5,1,0,0,1,15,15,1,7,0,3,2,1,3,4,1,3,3,2,1,1,4,4,1
"208",3,2,3,2,59,3,2,5,0,1,8,8,2,3,2,3,1,1,4,1,3,2,4,2,2,2,5,5,1
"209",4,2,5,1,38,4,2,0,0,1,1,8,3,7,0,3,1,3,3,4,4,4,2,3,2,1,4,4,1
"210",2,4,3,2,49,3,1,3,0,1,3,9,1,8,0,6,2,1,4,5,3,3,5,4,1,4,5,5,1
"211",2,5,2,1,49,5,1,2,0,1,6,14,1,3,1,2,1,1,4,5,3,3,2,2,2,4,4,5,1
"212",3,7,7,2,48,4,2,3,0,1,11,11,2,4,2,2,2,1,3,3,3,3,2,2,2,2,4,4,1
"213",3,7,4,2,34,3,2,4,0,1,11,11,2,7,0,6,2,3,5,4,3,2,1,1,1,1,5,5,1
"214",2,4,0,2,24,3,1,0,0,1,13,13,2,3,2,2,2,1,3,5,2,3,2,2,1,2,4,3,1
"215",1,1,5,1,29,4,1,0,0,1,12,1,1,3,2,3,1,1,3,1,3,2,1,1,1,5,5,5,1
"216",2,2,3,2,48,2,2,0,0,1,4,1,1,4,2,3,1,1,5,3,2,3,3,4,4,3,2,3,1
"217",2,5,3,2,52,5,1,2,0,1,10,10,1,3,1,2,1,1,3,4,2,2,3,2,2,2,4,3,1
"218",3,2,2,1,58,4,2,3,0,1,8,8,2,1,2,5,1,1,3,3,2,3,5,3,1,1,5,3,1
"219",3,2,2,2,73,4,2,9,0,1,13,1,1,7,0,3,1,1,3,3,3,3,1,1,1,3,3,4,1
"220",4,2,4,2,51,5,1,0,0,1,1,1,2,8,0,2,1,1,3,1,3,3,4,2,1,4,5,5,1
"221",2,3,4,2,48,3,2,5,0,1,2,2,1,3,2,1,2,1,4,2,3,3,2,2,2,2,4,3,1
"222",4,2,2,1,59,3,2,6,0,1,8,8,3,1,1,3,1,2,3,5,1,2,4,2,1,4,1,5,1
"223",3,3,4,1,38,3,2,7,0,1,13,13,2,7,0,2,1,1,3,4,3,2,3,2,2,3,4,4,1
"224",1,1,2,2,51,5,1,0,0,1,9,8,2,3,1,2,1,1,3,4,2,2,3,3,3,3,4,2,1
"225",1,1,10,2,59,4,2,1,0,1,2,15,2,1,1,5,1,2,4,4,3,3,1,1,1,1,1,5,1
"226",1,1,2,1,73,4,2,0,0,1,11,11,1,3,1,2,1,1,3,5,1,2,3,3,2,3,3,4,1
"227",2,4,2,2,63,4,2,0,0,1,3,3,1,7,0,2,1,4,3,3,3,3,3,1,1,1,5,5,1
"228",4,6,3,1,65,4,2,0,0,1,2,2,3,1,1,5,1,3,3,4,3,2,3,2,2,2,4,4,1
"229",4,6,4,2,62,4,2,0,0,1,15,15,3,7,0,3,1,1,4,4,2,1,3,3,3,1,2,3,1
"230",3,2,3,1,47,3,2,4,0,1,10,1,2,7,0,3,3,3,5,1,2,3,4,2,2,2,4,4,1
"231",2,2,3,1,57,4,2,4,0,1,8,8,1,5,1,2,1,1,3,2,3,4,4,2,2,3,4,4,1
"232",2,7,2,1,63,5,1,0,0,1,12,12,1,4,1,3,1,1,4,4,3,3,4,4,2,3,5,5,1
"233",2,2,2,1,52,3,2,4,0,1,14,14,2,7,0,4,1,1,3,2,3,3,3,2,1,3,5,1,1
"234",3,2,8,2,57,4,1,1,0,1,12,5,1,8,0,4,2,1,3,4,2,2,5,2,2,2,2,2,1
"235",1,1,4,1,48,3,2,3,0,1,8,1,1,7,0,2,2,1,4,5,2,2,2,2,2,4,5,5,1
"236",3,5,5,2,52,4,2,0,0,1,11,11,1,3,2,3,1,2,3,5,2,3,4,4,3,2,4,3,1
"237",1,1,11,2,52,4,2,3,0,1,1,11,1,5,2,4,1,2,4,5,2,3,3,2,2,3,2,4,1
"238",3,7,0,2,53,3,1,9,0,1,11,11,2,8,0,2,2,2,4,1,1,3,4,5,2,3,5,5,1
"239",2,3,4,2,25,4,2,5,0,1,2,2,1,8,0,6,1,4,5,3,3,3,4,3,1,3,3,4,1
"240",3,3,6,1,43,3,2,4,0,1,14,14,2,5,2,2,1,1,4,5,2,3,5,3,2,3,4,4,1
"241",2,7,3,1,54,4,2,0,0,1,12,12,1,7,0,2,1,1,4,3,4,3,3,2,2,2,2,2,1
"242",3,2,2,1,58,5,1,2,0,1,2,2,2,7,0,2,2,1,4,4,3,2,4,2,2,3,4,4,1
"243",1,1,4,1,43,3,2,4,0,1,14,1,1,3,1,1,2,1,4,2,3,2,5,5,4,3,4,5,1
"244",3,2,2,2,58,3,2,0,0,1,8,8,2,3,2,3,1,1,4,2,3,2,5,1,1,1,3,5,1
"245",3,2,3,1,51,3,2,5,0,1,9,9,2,7,0,1,2,2,4,1,2,1,3,3,3,5,5,5,1
"246",1,1,2,1,75,4,2,2,0,1,14,14,1,1,1,4,1,1,4,2,3,1,2,2,1,2,4,4,1
"247",2,4,0,2,32,6,0,0,0,1,3,3,1,7,0,6,1,3,1,2,2,2,4,3,2,3,3,2,1
"248",3,6,1,2,57,4,2,0,0,1,9,5,2,7,0,4,1,1,4,3,2,2,5,3,3,2,5,5,1
"249",3,3,4,1,64,4,2,7,0,1,13,13,2,7,0,4,2,1,3,4,3,3,1,1,1,1,5,5,1
"250",3,2,4,2,57,3,2,6,0,1,10,10,2,3,1,4,1,1,3,4,2,1,3,2,2,3,4,4,1
"251",1,1,6,2,52,3,2,5,0,1,1,4,1,8,0,2,1,3,3,2,3,2,2,1,1,1,3,3,1
"252",2,3,0,2,56,4,2,5,0,1,13,13,2,7,0,2,1,1,4,2,2,2,3,3,3,2,2,2,1
"253",3,7,0,2,65,3,2,0,0,1,11,11,2,7,0,6,2,2,3,4,1,2,5,5,5,1,3,3,1
"254",2,2,2,2,52,3,2,0,0,1,4,4,1,1,1,5,1,1,4,4,3,2,4,4,1,1,5,4,1
"255",2,2,2,2,53,3,1,4,0,1,4,10,1,7,0,3,2,1,3,3,3,2,4,5,5,3,5,4,1
"256",3,6,8,1,55,4,2,1,0,1,3,3,2,7,0,2,1,1,4,1,2,2,1,1,1,1,5,5,1
"257",1,1,1,2,37,4,2,3,0,1,14,1,1,7,0,3,2,3,3,1,2,3,3,3,3,4,4,5,1
"258",3,7,2,2,57,3,2,0,0,1,12,1,2,7,0,3,1,2,4,2,2,2,3,1,1,1,5,5,1
"259",4,2,4,1,66,4,2,1,0,1,8,1,3,7,0,2,1,2,3,3,1,2,2,1,1,1,4,1,1
"260",3,7,8,2,48,4,2,2,0,1,12,12,2,3,1,3,2,3,3,3,3,2,4,4,2,2,4,4,1
"261",3,6,9,1,53,4,2,2,0,1,8,8,2,3,2,3,1,1,3,4,2,2,2,3,3,4,4,3,1
"262",1,1,5,2,47,3,2,4,0,1,10,1,2,3,2,4,2,2,4,5,2,2,4,4,1,2,3,2,1
"263",2,5,1,2,62,3,2,9,0,1,13,13,1,7,0,4,1,1,3,5,2,3,5,1,1,5,5,5,1
"264",1,1,2,2,38,3,1,5,0,1,1,1,1,7,0,3,2,1,4,1,3,2,4,3,3,3,4,4,1
"265",2,4,3,2,36,4,2,2,0,1,3,3,1,8,0,2,1,1,3,2,3,1,3,1,1,2,5,4,1
"266",3,2,2,1,46,3,2,4,0,1,13,1,1,5,1,3,1,1,3,3,3,2,4,2,1,4,5,3,1
"267",3,2,2,2,52,3,2,0,0,1,10,10,2,7,0,3,2,2,4,4,3,2,2,1,2,1,5,5,1
"268",3,7,1,1,44,3,2,6,0,1,12,12,2,7,0,2,1,1,5,1,3,1,5,5,5,5,5,5,1
"269",3,7,2,2,40,3,2,3,0,1,16,16,2,3,1,2,2,1,1,2,2,1,3,2,1,2,4,3,1
"270",3,2,4,1,63,5,1,2,0,1,8,1,1,7,0,2,1,1,3,3,2,2,4,3,1,4,5,4,1
"271",2,5,8,2,43,4,2,3,0,1,3,3,1,7,0,3,2,1,4,2,4,2,3,1,1,2,2,2,1
"272",1,1,3,2,59,3,2,0,0,1,11,11,1,7,0,4,1,2,5,2,3,2,3,1,1,1,5,5,1
"273",2,3,6,2,31,3,2,0,0,1,2,10,1,8,0,2,1,4,4,2,3,3,4,1,1,1,4,5,1
"274",3,2,2,2,45,5,1,2,0,1,1,1,2,7,0,6,3,1,3,3,2,1,5,3,1,5,5,5,1
"275",3,7,3,1,56,4,2,4,0,1,11,11,2,4,2,4,1,1,3,1,2,3,4,2,1,1,5,5,1
"276",3,2,4,2,38,4,2,2,0,1,3,8,2,3,2,2,1,1,4,3,2,3,4,2,1,4,4,4,1
"277",3,2,5,2,48,4,2,2,0,1,11,1,1,4,1,4,1,1,4,5,3,3,4,3,3,2,4,4,1
"278",3,3,1,2,36,6,0,0,0,1,15,1,1,8,0,6,1,1,4,1,2,2,4,1,1,1,5,5,1
"279",3,2,2,1,56,4,2,4,0,1,8,8,2,7,0,3,2,1,3,5,2,2,5,3,3,5,5,3,1
"280",2,3,2,2,36,6,0,3,0,1,14,2,1,8,0,2,1,1,4,5,2,2,5,5,1,5,5,5,1
"281",3,6,2,1,23,4,1,0,0,1,4,15,2,8,0,6,2,4,5,2,2,1,2,1,1,2,3,4,1
"282",2,7,2,1,43,4,2,4,0,1,12,12,1,3,2,1,4,3,3,3,2,2,3,2,1,2,4,4,1
"283",3,6,2,1,49,3,2,5,0,1,9,15,2,7,0,3,1,1,3,4,2,1,3,3,3,3,3,3,1
"284",3,3,3,1,60,3,2,3,0,1,3,3,2,1,1,4,1,1,4,4,1,2,3,3,3,4,4,3,1
"285",1,1,4,1,54,5,1,2,0,1,3,3,1,7,0,3,1,1,3,1,2,2,4,3,3,3,5,5,1
"286",2,4,3,1,53,3,2,3,0,1,14,14,1,4,1,4,3,1,3,1,2,2,1,1,1,1,1,5,1
"287",3,2,4,2,65,4,2,0,0,1,1,1,2,7,0,3,1,3,3,2,3,2,3,1,1,4,4,3,1
"288",3,2,5,2,47,4,1,2,0,1,1,8,2,4,1,4,1,1,4,3,2,2,4,3,3,3,3,3,1
"289",1,1,3,2,74,3,2,1,0,1,9,9,3,3,1,3,2,1,3,3,2,4,3,1,1,1,5,5,1
"290",3,3,11,2,50,4,2,5,0,1,14,14,2,7,0,4,1,1,4,4,3,2,4,4,4,3,4,4,1
"291",3,2,3,2,66,3,2,0,0,1,11,1,1,4,2,3,1,1,3,5,3,2,5,3,4,4,5,5,1
"292",1,1,2,2,57,3,2,3,0,1,10,10,1,7,0,4,2,1,4,5,3,4,4,2,1,3,5,4,1
"293",1,1,6,1,53,3,2,0,0,1,11,11,1,3,1,2,3,3,4,1,2,2,3,3,3,3,5,3,1
"294",3,2,5,2,44,6,0,2,0,1,2,1,2,3,1,2,2,1,3,2,3,4,4,3,1,3,4,4,1
"295",3,3,3,1,42,4,2,4,0,1,12,12,2,3,1,2,2,1,4,4,3,3,5,1,1,1,5,5,1
"296",1,1,7,2,57,4,2,0,0,1,1,8,1,5,1,3,2,1,3,3,3,4,1,1,1,3,4,4,1
"297",3,2,5,2,56,3,2,5,0,1,8,8,2,8,0,3,1,1,3,4,2,3,4,3,4,4,3,4,1
"298",3,2,2,1,54,3,2,0,0,1,8,1,2,5,1,2,1,1,3,4,2,2,1,1,1,1,5,5,1
"299",3,2,0,1,53,6,0,0,0,1,12,12,2,8,0,2,1,3,4,5,3,2,3,3,2,4,4,5,1
"300",3,5,4,1,36,4,1,5,0,1,10,10,2,4,2,3,1,1,3,2,1,2,2,5,1,1,5,5,1
"301",1,1,1,2,22,3,2,0,0,1,14,1,1,3,1,6,2,1,4,2,2,2,3,2,2,3,4,4,1
"302",2,5,3,1,42,3,2,4,0,1,6,6,1,3,2,3,2,1,4,2,3,3,4,2,1,3,4,2,1
"303",2,5,4,1,38,4,2,3,0,1,13,13,1,6,1,2,1,3,4,4,2,2,4,2,3,2,4,2,1
"304",3,6,4,1,37,4,2,4,0,1,15,15,2,3,1,3,2,3,4,5,3,2,2,2,2,2,2,2,1
"305",2,3,2,1,56,4,2,4,0,1,2,2,1,7,0,4,1,1,4,2,3,2,3,2,2,3,3,4,1
"306",4,7,3,1,55,3,2,0,0,1,12,1,3,7,0,3,1,1,4,2,2,1,3,2,2,3,3,4,1
"307",2,3,2,2,64,3,2,9,0,1,14,14,1,7,0,4,1,1,3,2,3,3,4,3,1,4,4,4,1
"308",1,1,4,1,61,4,1,0,0,1,10,10,3,7,0,3,2,1,3,4,2,2,3,3,3,2,4,5,1
"309",1,1,2,2,54,3,2,0,0,1,11,12,1,7,0,3,3,1,3,5,2,1,3,2,2,2,4,4,1
"310",1,1,4,2,42,4,2,0,0,1,10,1,1,7,0,2,1,1,4,3,2,2,4,2,1,1,5,5,1
"311",4,5,2,1,60,4,2,4,0,1,15,15,3,5,2,2,1,1,3,4,3,3,2,2,2,2,4,5,1
"312",2,5,7,2,51,3,2,9,0,1,10,10,1,7,0,3,1,1,4,4,3,2,4,5,4,4,4,5,1
"313",2,3,2,1,26,2,2,4,0,1,14,2,1,7,0,1,2,3,3,5,3,3,4,1,1,2,3,4,1
"314",2,3,3,1,55,3,2,4,0,1,9,2,1,7,0,1,1,2,1,5,3,4,5,5,5,5,5,5,1
"315",2,5,8,1,45,4,2,3,0,1,11,11,1,4,2,2,1,1,3,1,2,2,4,2,1,2,4,4,1
"316",3,6,3,2,38,4,2,0,0,1,9,9,2,3,1,2,1,1,5,2,2,2,3,3,3,2,3,4,1
"317",3,3,3,2,34,4,2,0,0,1,13,13,2,7,0,4,1,2,4,3,2,2,3,2,1,1,4,4,1
"318",3,2,1,1,47,3,2,5,0,1,13,8,2,7,0,2,1,3,2,3,3,2,4,4,4,4,4,4,1
"319",3,6,1,2,28,4,1,0,0,1,1,8,2,7,0,4,1,1,3,3,2,2,2,2,2,1,4,3,1
"320",1,1,4,1,65,4,2,0,0,1,12,1,1,7,0,3,1,1,3,4,2,4,1,1,1,3,5,4,1
"321",3,7,11,1,32,4,2,0,0,1,12,1,2,3,1,2,2,1,4,5,2,2,3,3,3,3,3,3,1
"322",3,2,0,2,57,6,0,9,0,1,13,13,2,7,0,1,2,1,3,5,3,4,3,3,3,3,4,3,1
"323",3,3,3,2,61,4,2,0,0,1,14,14,2,7,0,4,1,1,4,1,3,2,3,4,3,3,4,3,1
"324",1,1,2,2,54,5,1,2,0,1,1,1,1,8,0,3,1,1,3,1,2,2,3,1,1,1,5,5,1
"325",2,3,2,2,49,3,2,0,0,1,2,2,1,8,0,6,1,2,2,3,1,3,3,3,4,2,3,4,1
"326",2,3,2,2,56,4,2,0,0,1,2,2,1,7,0,2,3,3,4,4,3,3,3,3,3,2,2,2,1
"327",3,6,2,2,58,3,2,2,0,1,1,1,2,8,0,3,2,1,3,1,2,1,4,4,1,2,5,5,1
"328",1,1,3,2,63,5,1,1,0,1,12,12,2,3,2,1,2,1,3,1,2,2,3,3,3,3,3,4,1
"329",1,1,6,2,30,4,2,5,0,1,1,1,1,7,0,3,1,1,3,3,2,1,3,2,2,2,4,4,1
"330",2,2,4,2,51,3,2,5,0,1,8,8,1,3,2,2,1,1,3,4,2,2,4,3,2,3,4,4,1
"331",3,2,2,2,53,5,1,2,0,1,12,12,2,3,1,2,1,1,4,5,3,3,3,4,3,4,4,4,1
"332",1,1,6,2,31,4,2,9,0,1,10,1,1,7,0,5,1,1,4,5,3,2,5,5,2,5,2,5,1
"333",1,1,2,2,61,4,2,1,0,1,1,1,1,7,0,4,1,1,4,4,3,3,3,2,1,2,4,4,1
"334",2,7,2,2,45,5,1,2,0,1,11,5,1,7,0,1,1,3,4,1,2,3,3,3,2,1,3,3,1
"335",3,5,3,1,47,3,2,4,0,1,10,10,2,5,1,2,1,1,4,2,2,2,5,2,2,2,5,5,1
"336",2,4,2,1,61,4,2,4,0,1,3,3,1,4,1,2,1,1,3,3,2,2,4,1,1,3,5,4,1
"337",1,1,0,2,57,3,2,0,0,1,1,8,1,7,0,4,1,1,5,3,2,3,3,4,1,1,5,5,1
"338",3,2,3,2,47,3,2,0,0,1,12,12,2,7,0,3,2,1,1,4,3,3,3,3,2,2,2,2,1
"339",2,3,3,2,61,3,2,9,0,1,14,14,1,7,0,6,1,1,3,5,3,2,3,3,3,3,3,3,1
"340",3,6,2,2,60,4,2,2,0,1,9,9,2,1,2,2,1,2,1,1,2,2,4,3,1,3,5,5,1
"341",1,1,3,2,48,2,2,0,0,1,11,11,1,7,0,6,2,2,2,1,2,3,3,3,1,3,3,3,1
"342",1,1,6,2,52,3,2,5,0,1,1,10,1,7,0,4,1,3,3,3,3,3,3,3,2,2,3,4,1
"343",4,5,3,1,44,4,2,3,0,1,10,10,3,8,0,1,1,1,3,5,2,2,2,2,2,2,4,4,1
"344",3,2,5,2,29,4,2,1,0,1,14,14,1,3,2,3,1,1,4,5,3,2,3,1,1,1,4,4,1
"345",3,2,3,2,60,3,2,5,0,1,9,9,3,7,0,4,1,1,3,5,2,2,5,2,1,1,5,4,1
"346",3,2,4,1,56,3,2,5,0,1,8,8,2,7,0,5,1,1,4,2,3,2,3,4,4,3,3,3,1
"347",3,2,2,2,27,1,1,5,0,1,8,8,2,7,0,4,1,1,4,4,3,3,3,4,3,3,3,3,1
"348",4,2,3,2,41,3,2,0,0,1,8,8,3,7,0,2,2,2,4,4,3,1,4,4,4,4,4,3,1
"349",3,2,1,1,48,3,2,0,0,1,8,8,2,7,0,6,2,3,4,1,2,1,4,3,1,3,4,4,1
"350",3,7,5,2,44,3,2,5,0,1,11,11,2,7,0,3,2,3,5,1,1,1,3,3,3,3,3,3,1
"351",1,1,6,1,48,3,2,3,0,1,1,4,1,3,1,6,2,2,3,2,2,2,3,3,2,2,3,4,1
"352",4,6,3,2,46,4,2,0,0,1,2,2,3,4,1,2,2,1,4,2,2,3,4,4,3,3,3,4,1
"353",3,2,3,1,45,3,2,3,0,1,15,15,2,4,2,2,1,1,3,4,3,3,4,2,3,3,5,4,1
"354",2,3,5,1,52,3,2,0,0,1,13,15,1,4,1,2,1,1,5,5,3,2,4,3,2,4,4,4,1
"355",3,7,3,1,45,3,2,4,0,1,12,12,2,7,0,3,1,1,3,1,2,2,3,3,3,3,3,3,1
"356",2,2,3,1,55,3,2,4,0,1,4,4,1,3,1,4,2,1,4,1,3,3,4,4,4,4,4,4,1
"357",1,1,2,1,58,3,2,4,0,1,11,1,1,3,1,4,2,1,4,3,2,2,3,3,3,3,2,3,1
"358",1,1,2,2,53,3,2,4,0,1,12,14,1,3,1,2,1,1,3,4,2,3,4,4,1,3,5,4,1
"359",3,2,5,1,54,3,2,0,0,1,8,8,2,2,1,2,1,1,3,4,3,2,3,3,3,1,5,5,1
"360",1,1,2,2,58,3,2,0,0,1,1,1,1,1,2,4,1,1,3,5,2,3,3,4,3,3,3,3,1
"361",4,2,1,2,52,3,2,0,0,1,8,8,3,8,0,6,1,3,4,1,3,2,3,2,2,3,3,3,1
"362",3,2,8,1,51,3,2,1,0,1,9,9,2,7,0,4,1,1,3,2,3,2,1,1,1,1,5,5,1
"363",2,3,3,1,44,3,2,4,0,1,2,2,1,3,1,2,2,3,4,2,3,3,1,1,1,2,3,4,1
"364",3,2,1,2,67,3,2,9,0,1,14,1,1,7,0,3,1,1,4,4,2,2,3,2,2,1,1,3,1
"365",2,3,5,1,60,3,2,4,0,1,7,7,1,1,1,2,1,1,3,5,2,3,3,3,2,4,4,2,1
"366",4,3,2,2,43,3,2,0,0,1,8,8,3,7,0,4,1,1,1,1,2,2,4,2,2,2,4,4,1
"367",2,3,2,2,48,6,0,0,0,1,13,13,1,8,0,4,1,1,3,1,1,2,3,3,3,2,3,3,1
"368",3,5,3,1,23,4,1,7,0,1,10,9,1,2,2,2,1,1,5,2,1,1,4,2,2,4,4,4,1
"369",2,4,3,2,46,4,1,5,0,1,2,13,1,7,0,2,1,1,3,3,1,1,5,4,4,5,5,5,1
"370",2,5,3,1,48,3,2,4,0,1,1,11,1,3,2,2,2,3,3,5,3,3,3,3,3,3,3,3,1
"371",3,2,2,2,61,4,2,0,0,1,8,14,3,8,0,4,1,4,4,5,3,3,3,3,3,3,3,3,1
"372",2,4,0,1,42,3,2,0,0,1,3,3,1,3,2,2,1,1,2,1,3,2,2,2,1,2,5,4,1
"373",3,6,3,2,48,5,1,2,0,1,12,1,2,3,2,3,1,1,4,1,3,3,3,2,2,2,5,5,1
"374",2,7,7,2,57,4,2,3,0,1,5,5,1,4,1,1,2,1,4,3,1,2,3,3,3,3,4,3,1
"375",3,2,6,1,51,4,1,3,0,1,8,8,2,7,0,3,1,1,3,3,3,3,4,2,3,2,4,4,1
"376",3,2,5,2,53,4,1,9,0,1,14,14,1,8,0,4,1,3,4,4,2,2,4,3,1,4,4,4,1
"377",2,7,3,2,45,3,2,3,0,1,5,5,1,7,0,3,1,1,4,5,2,3,2,2,1,1,5,5,1
"378",2,2,11,2,27,4,2,0,0,1,1,1,1,1,1,5,1,1,3,3,1,3,2,2,1,1,1,1,1
"379",1,1,5,2,51,6,0,1,0,1,1,1,1,2,2,4,3,1,3,4,2,3,3,3,1,3,3,3,1
"380",2,3,5,2,52,1,2,9,0,1,14,2,2,8,0,3,1,1,3,5,4,4,5,3,5,1,1,1,1
"381",3,2,7,2,20,4,1,0,0,1,8,8,2,4,2,3,3,1,5,1,2,1,4,3,3,3,4,5,1
"382",2,4,2,2,50,4,2,5,0,1,14,14,1,7,0,3,1,4,3,2,3,3,3,3,2,2,3,3,1
"383",2,3,6,1,42,4,2,4,0,1,13,2,1,7,0,4,1,1,3,2,3,3,2,1,1,1,4,2,1
"384",1,1,2,2,49,3,1,1,0,1,1,1,2,8,0,3,2,3,3,5,1,2,3,2,1,1,5,5,1
"385",3,2,3,1,55,3,2,3,0,1,8,8,2,5,1,1,2,1,4,1,2,3,4,4,4,4,4,4,1
"386",4,2,7,2,20,4,1,0,0,1,8,8,2,7,0,6,1,1,3,2,1,1,2,1,1,1,5,5,1
"387",2,7,4,1,59,4,2,2,0,1,5,5,1,5,2,2,1,1,3,2,3,3,4,2,2,2,5,4,1
"388",3,2,7,2,39,3,2,2,0,1,15,15,2,8,0,3,1,1,4,3,3,2,4,2,1,1,2,4,1
"389",2,2,3,1,65,4,1,0,0,1,4,4,1,3,1,1,1,1,4,4,2,2,5,1,1,3,5,5,1
"390",3,2,3,2,49,5,1,3,0,1,13,1,2,4,2,2,1,4,3,4,2,2,4,2,2,1,5,5,1
"391",3,6,4,2,59,5,1,2,0,1,1,1,2,7,0,2,1,1,4,4,3,3,5,5,1,5,5,5,1
"392",2,3,4,2,52,2,2,0,0,1,2,2,1,3,2,3,2,3,5,1,2,2,3,3,3,3,4,4,1
"393",2,4,4,1,45,3,1,0,0,1,13,13,1,7,0,3,1,1,4,2,3,2,3,3,3,3,3,3,1
"394",3,6,3,2,58,3,2,9,0,1,9,9,2,7,0,4,1,1,3,3,2,1,3,1,1,1,5,5,1
"395",3,2,2,2,53,3,2,0,0,1,9,9,2,3,2,2,2,1,4,5,3,2,5,5,4,3,3,3,1
"396",1,1,2,2,55,5,1,2,0,1,1,1,1,3,1,2,1,1,3,1,3,3,4,2,2,2,5,5,1
"397",3,5,3,2,52,3,2,5,0,1,10,10,2,7,0,4,1,3,4,3,2,3,3,3,2,2,3,4,1
"398",1,1,5,2,48,4,2,2,0,1,1,1,1,8,0,2,2,1,4,3,3,3,4,3,2,2,5,5,1
"399",3,2,1,1,27,2,1,0,0,1,12,8,2,7,0,2,1,4,3,3,3,2,4,4,4,3,5,5,1
"400",3,5,5,2,46,3,2,5,0,1,10,10,2,8,0,3,4,1,4,3,3,2,3,4,4,3,4,4,1
"401",3,5,3,1,45,3,2,4,0,1,10,6,2,7,0,2,1,1,5,3,2,2,5,3,1,3,5,5,1
"402",3,6,2,2,47,3,2,3,0,1,9,1,2,8,0,2,1,1,4,4,2,2,2,1,1,1,5,5,1
"403",3,6,2,2,50,3,2,0,0,1,13,13,3,3,1,4,1,1,3,5,2,2,5,5,5,5,5,5,1
"404",3,7,0,1,58,4,2,0,0,1,11,11,2,3,1,2,1,1,3,5,2,2,2,2,2,2,2,2,1
"405",1,1,5,1,57,3,2,4,0,1,12,12,1,8,0,6,1,2,4,5,2,2,3,3,3,3,3,3,1
"406",3,2,3,1,62,4,2,4,0,1,10,10,2,3,1,2,1,1,4,1,3,2,4,4,3,3,4,4,1
"407",3,2,3,2,46,3,2,9,0,1,11,11,2,7,0,6,1,2,2,1,2,2,3,3,2,2,2,3,1
"408",3,7,5,1,60,4,1,0,0,1,12,12,2,4,2,6,2,1,4,4,2,3,3,3,3,3,3,3,1
"409",2,5,4,2,36,4,2,0,0,1,10,6,1,3,2,2,1,1,4,2,2,2,1,1,1,1,5,5,1
"410",2,5,2,1,44,3,2,4,0,1,5,11,1,3,1,6,2,1,4,3,2,1,2,2,2,2,4,4,1
"411",3,6,4,1,58,4,2,4,0,1,9,9,2,7,0,3,1,1,3,1,3,1,3,1,1,1,1,3,1
"412",3,2,4,2,62,4,2,0,0,1,10,10,2,8,0,3,1,1,4,2,2,2,5,3,3,3,3,4,1
"413",1,1,4,2,51,3,2,0,0,1,9,1,1,8,0,3,2,1,4,2,3,3,3,3,3,3,3,3,1
"414",3,7,3,2,49,3,2,6,0,1,10,10,2,7,0,4,1,1,4,3,2,3,4,4,3,2,3,3,1
"415",3,2,4,1,64,5,1,0,0,1,8,11,2,3,1,3,1,1,3,3,2,3,5,5,1,2,5,5,1
"416",3,2,0,2,43,5,1,2,0,1,5,5,2,5,1,2,2,1,3,4,3,4,3,3,3,2,3,4,1
"417",3,3,5,2,50,3,2,5,0,1,13,15,2,3,2,6,2,1,5,5,1,3,3,3,1,1,1,3,1
"418",1,1,5,1,47,3,2,4,0,1,9,1,1,7,0,2,1,1,3,5,3,2,2,2,2,2,4,2,1
"419",1,1,3,1,46,6,0,0,0,1,12,8,1,3,2,2,1,1,3,1,2,3,4,4,3,5,4,5,1
"420",3,7,3,1,52,5,1,2,0,1,11,11,2,7,0,4,1,1,3,5,3,1,4,4,2,4,5,5,1
"421",1,1,4,1,65,4,2,0,0,1,6,6,1,8,0,5,1,1,3,1,2,2,3,2,1,2,3,4,1
"422",3,7,4,1,53,5,1,0,0,1,1,1,1,7,0,4,1,1,3,5,3,2,1,1,1,1,4,4,1
"423",3,7,1,2,58,4,2,5,0,1,11,11,2,3,2,2,2,1,3,5,2,2,3,3,3,3,3,3,1
"424",3,6,2,2,51,3,2,4,0,1,8,8,2,8,0,4,1,1,3,2,1,3,2,3,2,2,4,4,1
"425",2,2,3,1,54,5,1,1,0,1,9,4,1,7,0,4,1,1,3,1,3,3,2,1,1,1,5,4,1
"426",4,3,2,1,34,4,2,4,0,1,13,13,3,7,0,4,1,2,4,1,3,3,1,1,1,1,5,1,1
"427",3,2,9,1,46,3,2,3,0,1,8,8,2,4,1,2,1,1,3,3,3,2,5,4,1,1,5,5,1
"428",3,2,4,1,47,4,2,4,0,1,7,7,2,7,0,2,1,1,3,5,3,3,4,3,3,4,4,4,1
"429",3,3,0,2,50,5,1,9,0,1,7,2,2,3,2,3,2,1,4,5,2,3,3,2,1,1,4,4,1
"430",1,1,0,2,21,3,1,0,0,1,1,1,1,7,0,4,1,1,4,3,3,4,3,2,1,1,2,3,1
"431",3,2,2,1,72,3,2,0,0,1,8,12,2,3,1,2,1,1,3,5,2,1,5,1,1,2,5,5,1
"432",1,1,0,2,61,2,2,9,0,1,12,12,3,6,2,6,2,3,2,5,2,2,1,3,1,3,3,3,1
"433",2,2,8,2,20,4,1,0,0,1,4,4,1,8,0,3,1,1,4,2,2,1,4,4,4,4,4,4,1
"434",3,5,4,1,42,3,2,4,0,1,8,8,1,3,1,2,1,4,4,4,3,3,3,3,3,4,4,4,1
"435",1,1,6,1,42,4,2,1,0,1,13,13,1,7,0,3,1,1,3,5,2,2,3,3,1,1,3,4,1
"436",3,3,4,2,61,3,2,9,0,1,14,14,2,1,2,4,1,1,3,5,3,3,3,3,4,3,4,4,1
"437",3,2,7,2,45,4,2,3,0,1,8,1,2,7,0,3,1,1,5,5,3,2,4,3,3,3,4,4,1
"438",2,3,7,2,54,6,0,0,0,1,14,2,1,1,2,2,1,2,4,1,2,1,1,1,1,1,1,5,1
"439",3,6,5,2,29,4,2,3,0,1,3,3,2,7,0,4,1,1,2,2,2,2,3,2,2,2,3,3,1
"440",2,4,2,2,35,4,2,2,0,1,3,3,1,7,0,6,1,1,3,3,2,2,4,3,1,3,3,3,1
"441",4,7,8,2,33,4,2,2,0,1,12,12,3,3,2,2,2,3,3,1,2,1,2,2,2,2,2,2,1
"442",3,2,0,2,46,5,1,0,0,1,14,8,2,7,0,3,1,1,4,1,1,3,4,2,2,3,4,4,1
"443",2,3,1,2,63,2,2,9,0,1,7,7,3,7,0,4,1,3,3,2,2,1,4,4,2,3,4,4,1
"444",2,4,3,1,42,3,2,3,0,1,13,13,1,7,0,3,1,1,3,4,1,1,3,3,3,3,3,3,1
"445",3,6,3,2,50,3,2,5,0,1,9,9,2,7,0,3,3,3,2,4,3,2,4,4,4,3,5,5,1
"446",3,2,2,2,48,2,1,3,0,1,1,1,2,7,0,6,3,3,4,2,3,2,3,3,3,3,1,1,1
"447",3,2,1,2,53,4,1,0,0,1,8,8,2,5,1,3,2,1,4,1,2,3,3,2,1,2,5,4,1
"448",2,2,3,2,51,4,1,0,0,1,4,4,1,3,1,2,1,1,3,4,2,2,4,3,3,4,4,4,1
"449",2,3,1,1,69,2,2,6,0,1,7,7,3,7,0,4,1,2,3,5,2,1,4,4,2,3,4,4,1
"450",1,1,2,1,50,3,2,0,0,1,1,1,1,7,0,4,2,1,3,5,2,3,4,3,2,4,4,4,1
"451",1,1,2,2,62,3,1,9,0,1,1,1,1,7,0,2,1,1,3,2,3,2,3,3,3,1,5,5,1
"452",3,7,2,2,56,3,2,9,0,1,12,12,2,3,1,2,1,3,2,3,1,2,3,3,2,2,2,2,1
"453",2,3,1,1,46,3,2,0,0,1,2,2,1,7,0,6,2,2,3,4,2,1,4,2,2,2,4,4,1
"454",1,1,4,1,32,6,0,2,0,1,12,12,2,3,2,3,2,1,4,5,2,1,3,2,2,2,4,4,1
"455",2,5,8,2,46,4,2,2,0,1,13,13,1,8,0,1,1,3,4,1,2,1,5,5,5,3,5,4,1
"456",1,1,5,2,34,4,2,3,0,1,1,1,1,7,0,3,1,1,5,2,3,3,3,2,2,2,4,3,1
"457",2,2,2,2,59,4,2,0,0,1,10,4,1,8,0,2,2,1,3,2,3,1,3,3,2,2,3,3,1
"458",4,2,4,1,74,4,2,3,0,1,10,8,3,5,1,2,1,1,4,2,3,2,4,2,1,1,3,4,1
"459",3,5,6,1,45,1,2,3,0,1,10,9,2,3,1,1,2,2,3,3,3,3,3,2,2,1,1,1,1
"460",1,1,7,1,65,5,1,0,0,1,6,6,1,1,1,4,1,1,3,5,3,3,5,5,4,3,5,5,1
"461",2,3,6,1,46,4,2,4,0,1,14,2,1,3,1,2,1,1,3,2,3,2,4,4,3,4,3,3,1
"462",2,4,1,1,57,3,2,0,0,1,13,13,1,8,0,6,1,1,4,2,2,2,3,3,3,3,4,3,1
"463",3,6,0,2,52,2,2,9,0,1,15,15,2,8,0,6,1,1,4,3,2,1,3,3,3,3,3,3,1
"464",3,2,2,2,42,6,0,0,0,1,8,11,2,3,1,2,2,3,5,1,3,2,3,3,3,4,4,3,1
"465",1,1,8,1,47,4,2,3,0,1,1,1,1,3,1,2,1,1,3,3,1,3,4,3,2,3,4,4,1
"466",2,5,2,2,52,3,2,5,0,1,15,15,1,8,0,6,1,3,1,2,2,4,2,2,2,3,3,3,1
"467",3,2,6,2,51,4,1,5,0,1,8,12,2,7,0,1,2,1,3,2,2,2,3,3,3,3,3,3,1
"468",3,2,11,2,26,5,1,0,0,1,2,4,1,8,0,4,1,3,4,4,2,3,3,2,1,1,1,3,1
"469",2,3,2,1,56,3,2,4,0,1,13,13,1,7,0,6,1,1,4,4,2,2,3,3,3,4,4,4,1
"470",2,7,2,1,52,5,1,2,0,1,11,5,1,3,2,3,2,1,3,5,3,3,4,2,2,4,4,4,1
"471",2,5,5,2,68,3,2,9,0,1,6,6,1,3,1,2,1,1,3,5,3,3,5,5,4,3,4,4,1
"472",3,2,3,1,53,3,2,0,0,1,12,12,2,7,0,4,2,1,3,1,3,2,4,3,3,4,4,3,1
"473",2,4,1,1,43,3,2,0,0,1,13,3,1,3,2,3,1,1,3,1,2,2,3,2,2,4,3,4,1
"474",4,7,3,1,39,3,2,4,0,1,12,5,3,7,0,1,2,2,4,2,3,2,1,1,1,1,5,5,1
"475",3,5,2,2,46,3,2,0,0,1,10,10,2,3,2,3,2,3,3,2,2,3,3,3,3,3,3,3,1
"476",3,7,0,2,60,3,2,9,0,1,10,1,2,8,0,4,1,1,3,3,1,2,3,4,4,4,5,4,1
"477",3,2,3,1,68,4,2,0,0,1,8,1,2,4,2,2,1,1,3,3,2,2,2,2,1,2,4,4,1
"478",3,6,2,1,22,4,1,0,0,1,15,15,2,1,2,3,1,1,3,4,2,3,4,2,1,2,3,4,1
"479",1,1,11,1,69,4,2,2,0,1,1,9,1,7,0,4,1,1,3,3,2,2,3,2,2,2,4,4,1
"480",2,5,3,2,60,4,2,2,0,1,6,4,1,7,0,5,1,2,4,1,3,2,1,1,1,1,5,5,1
"481",1,1,5,1,40,4,2,4,0,1,15,15,3,5,2,2,4,1,4,2,2,2,1,1,1,1,5,5,1
"482",2,5,3,2,37,4,2,0,0,1,10,10,1,3,1,2,1,1,3,3,2,2,3,4,2,2,4,4,1
"483",3,2,5,2,53,4,1,5,0,1,8,10,2,8,0,4,1,1,3,3,2,2,5,5,1,5,5,5,1
"484",1,1,3,2,45,3,2,0,0,1,9,1,1,8,0,4,1,1,1,4,3,3,3,3,2,4,4,4,1
"485",3,2,4,2,54,3,2,0,0,1,1,1,2,7,0,4,1,1,3,4,3,3,4,3,3,3,4,5,1
"486",3,6,1,2,51,3,2,3,0,1,15,15,2,3,2,2,2,1,1,4,3,2,3,3,2,2,4,4,1
"487",3,5,1,2,59,1,2,9,0,1,10,10,1,7,0,4,1,1,5,4,2,3,3,1,1,1,5,3,1
"488",1,1,7,2,34,4,2,2,0,1,3,3,1,7,0,2,1,1,4,4,3,3,3,1,1,1,3,3,1
"489",3,7,5,2,53,4,2,3,0,1,12,5,2,3,1,2,2,1,3,5,3,1,3,2,1,1,2,1,1
"490",2,4,6,2,46,3,2,0,0,1,3,3,1,7,0,3,1,1,4,2,3,2,4,4,2,3,4,4,1
"491",1,1,3,2,53,4,1,2,0,1,1,1,1,7,0,1,1,2,3,4,3,2,5,3,3,3,5,3,1
"492",2,3,6,2,20,4,1,0,0,1,2,2,1,2,2,4,1,4,3,4,2,1,4,3,1,4,5,4,1
"493",2,2,2,2,57,4,1,0,0,1,11,11,2,1,2,4,1,2,3,5,2,2,3,3,2,2,2,4,1
"494",3,5,1,2,47,3,2,0,0,1,10,10,3,3,1,3,2,3,4,5,2,3,5,3,3,3,5,5,1
"495",3,2,2,2,57,2,2,9,0,1,12,1,2,7,0,3,2,1,3,5,3,2,3,3,3,3,3,3,1
"496",4,3,2,2,53,4,1,9,0,1,13,13,3,7,0,2,1,1,1,1,2,2,1,1,1,1,1,1,1
"497",3,2,1,2,56,1,2,9,0,1,8,10,2,8,0,2,1,1,4,2,2,1,3,4,1,3,1,5,1
"498",2,2,5,1,40,4,2,2,0,1,4,4,1,7,0,3,1,3,4,3,2,2,2,2,2,3,4,3,1
"499",1,1,1,2,60,5,1,2,0,1,1,1,1,7,0,4,1,1,4,5,3,2,4,3,2,3,5,4,1
"500",1,1,3,1,54,3,2,4,0,1,12,4,1,3,2,2,1,1,3,2,3,3,4,3,2,4,4,4,1
"501",2,7,3,2,40,4,2,0,0,1,12,12,1,3,1,1,2,1,1,1,3,3,3,3,3,3,4,3,1
"502",1,1,2,2,58,3,2,3,0,1,1,1,1,7,0,2,1,1,4,1,3,1,3,3,1,4,3,3,1
"503",1,1,3,2,53,4,1,5,0,1,1,1,1,3,1,2,2,1,2,3,3,2,3,4,2,3,5,5,1
"504",3,2,2,2,52,5,1,2,0,1,1,1,1,7,0,3,3,3,2,4,2,2,4,2,1,1,5,5,1
"505",2,5,2,2,48,3,2,3,0,1,6,13,2,7,0,3,1,1,4,5,3,3,4,4,4,4,4,4,1
"506",3,3,0,2,40,3,1,9,0,1,14,14,2,8,0,3,1,3,5,1,3,2,3,3,3,4,3,4,1
"507",3,2,3,1,40,6,0,2,0,1,10,1,2,7,0,1,1,4,3,2,3,2,1,1,1,1,5,5,1
"508",2,3,0,2,65,3,2,9,0,1,7,7,1,3,1,2,2,1,4,1,2,1,3,3,3,3,3,3,1
"509",2,2,3,1,47,4,1,2,0,1,12,8,1,5,1,1,1,1,3,2,3,3,2,2,2,4,5,5,1
"510",1,1,3,2,59,5,1,1,0,1,8,15,2,3,1,2,1,1,4,3,3,3,3,1,1,5,5,5,1
"511",3,3,4,1,40,4,2,3,0,1,14,14,2,3,2,2,1,2,4,4,1,1,3,3,3,2,4,4,1
"512",2,3,0,2,45,6,0,9,0,1,3,2,1,7,0,3,1,1,3,4,2,3,4,3,2,2,4,3,1
"513",1,1,11,1,58,4,2,3,0,1,13,13,1,3,2,2,1,1,3,5,3,3,4,2,4,3,4,4,1
"514",3,2,2,2,54,3,2,0,0,1,8,8,2,7,0,6,2,1,4,5,3,2,4,1,1,1,5,5,1
"515",3,6,4,1,56,3,2,3,0,1,9,9,2,3,2,2,2,2,4,2,3,2,2,2,2,2,4,4,1
"516",1,1,2,1,72,4,2,0,0,1,1,12,1,7,0,2,1,1,3,4,2,3,4,4,2,2,4,4,1
"517",3,2,1,2,68,3,2,0,0,1,12,12,1,3,2,2,1,4,4,2,3,4,4,3,2,4,4,4,1
"518",3,2,2,1,20,3,1,3,0,1,1,1,2,7,0,1,1,1,4,4,3,4,3,2,2,2,4,3,1
"519",3,2,8,1,25,4,1,5,0,1,8,8,2,3,1,2,1,1,5,5,3,2,5,4,4,2,4,4,1
"520",1,1,8,1,37,4,2,0,0,1,12,1,2,4,2,1,1,1,5,1,3,3,1,1,1,1,3,4,1
"521",3,7,1,2,61,4,2,9,0,1,1,1,2,2,2,4,2,1,4,1,2,2,4,3,2,4,4,4,1
"522",3,5,4,2,52,4,1,0,0,1,6,6,2,8,0,2,2,3,3,1,3,2,1,1,1,1,4,4,1
"523",2,3,7,1,43,4,2,4,0,1,13,2,1,7,0,3,2,1,4,2,1,1,4,4,3,3,5,3,1
"524",2,3,2,1,46,3,2,4,0,1,13,4,1,5,2,2,1,1,3,2,3,3,3,1,1,5,5,5,1
"525",3,2,4,1,63,5,1,2,0,1,11,11,2,7,0,4,1,1,4,3,3,3,4,3,1,1,5,5,1
"526",1,1,5,1,40,4,1,5,0,1,11,1,1,8,0,3,1,1,5,3,2,2,3,3,3,3,3,3,1
"527",3,7,2,1,66,4,2,3,0,1,11,11,2,3,2,3,1,1,3,4,1,4,3,1,1,1,5,5,1
"528",4,2,2,1,54,4,2,0,0,1,15,8,3,7,0,5,2,1,3,4,2,2,3,1,1,1,4,4,1
"529",4,2,5,2,68,3,2,0,0,1,8,8,3,6,2,6,1,3,1,5,2,2,3,3,3,3,3,1,1
"530",2,3,4,1,54,5,1,3,0,1,14,14,1,7,0,4,1,1,3,4,3,4,4,2,2,4,4,4,1
"531",3,6,4,1,63,4,2,4,0,1,13,15,2,7,0,4,1,1,3,4,2,2,3,2,2,3,4,4,1
"532",2,5,3,1,37,4,2,5,0,1,6,6,1,3,2,3,1,1,3,5,3,3,3,3,3,3,3,3,1
"533",4,3,0,2,39,6,0,0,0,1,8,13,3,5,1,1,1,4,4,5,3,3,5,5,1,1,5,5,1
"534",3,2,3,1,38,3,1,4,0,1,8,8,2,7,0,2,1,1,3,1,2,2,3,3,3,4,4,4,1
"535",1,1,4,2,28,4,2,2,0,1,11,1,1,7,0,2,2,1,3,1,2,2,2,2,2,2,5,4,1
"536",2,5,2,2,25,3,2,3,0,1,6,6,1,7,0,3,2,1,4,2,2,2,2,1,1,3,4,5,1
"537",4,3,2,1,48,4,2,6,0,1,8,1,3,3,1,3,1,1,4,3,2,2,4,2,1,3,4,4,1
"538",4,6,0,2,62,3,2,9,0,1,11,11,3,7,0,3,2,1,4,3,3,4,3,3,3,3,3,3,1
"539",3,2,2,1,52,4,2,4,0,1,8,8,2,7,0,3,1,1,3,4,2,3,3,3,2,1,4,2,1
"540",3,2,2,1,48,6,0,3,0,1,1,1,2,7,0,3,1,3,4,4,4,3,3,3,1,1,3,3,1
"541",3,2,4,2,59,3,1,0,0,1,8,12,3,3,1,2,2,1,3,5,3,2,3,3,3,3,3,4,1
"542",2,5,2,1,55,4,2,2,0,1,9,6,1,3,1,1,1,1,4,1,2,3,4,4,4,4,4,4,1
"543",3,3,2,2,47,3,1,0,0,1,9,13,2,3,2,2,1,3,3,1,3,2,3,3,4,1,5,5,1
"544",2,3,3,1,49,3,2,5,0,1,2,2,1,1,2,3,1,4,4,2,2,2,3,2,2,2,4,4,1
"545",3,5,1,2,30,4,2,0,0,1,10,1,1,7,0,2,3,1,5,2,2,2,3,3,2,2,4,4,1
"546",3,2,3,1,54,5,1,2,0,1,7,1,2,7,0,3,1,4,3,2,3,3,3,2,2,2,5,5,1
"547",3,2,3,2,59,3,2,5,0,1,10,10,3,3,2,2,1,1,4,2,2,2,2,1,1,1,3,3,1
"548",1,1,5,2,42,3,2,3,0,1,8,1,1,5,2,2,4,2,4,3,2,3,5,1,2,4,5,4,1
"549",3,2,5,2,61,3,2,9,0,1,1,1,1,1,1,2,1,1,3,3,2,3,1,1,1,1,5,5,1
"550",3,7,4,2,39,4,2,2,0,1,11,11,2,3,2,6,1,1,1,4,2,2,2,2,2,2,3,2,1
"551",3,2,1,2,54,5,1,0,0,1,13,1,2,7,0,4,1,1,3,3,3,2,3,2,1,3,4,5,1
"552",2,5,2,2,34,4,2,4,0,1,6,6,1,7,0,2,2,1,4,1,3,2,2,2,1,2,5,5,1
"553",3,2,3,1,54,5,1,5,0,1,8,1,1,3,1,2,1,1,3,3,3,2,3,3,3,3,4,4,1
"554",1,1,5,1,40,3,2,4,0,1,15,15,1,7,0,5,4,3,4,3,1,2,3,3,3,3,3,3,1
"555",3,2,3,1,62,2,2,4,0,1,3,10,2,1,1,1,1,1,3,5,2,3,3,3,3,3,4,3,1
"556",2,2,5,1,42,2,2,3,0,1,4,8,1,8,0,3,2,3,3,2,2,2,4,2,2,2,5,5,1
"557",1,1,6,2,48,3,2,5,0,1,11,11,1,8,0,4,1,1,3,2,2,2,4,3,3,3,4,3,1
"558",2,5,4,1,35,4,2,4,0,1,6,6,1,3,1,3,2,1,5,3,3,3,3,3,2,3,2,4,1
"559",3,6,4,1,40,4,2,4,0,1,15,1,2,7,0,2,1,3,4,3,2,2,3,3,3,3,3,3,1
"560",1,1,3,2,53,6,0,5,0,1,12,12,1,7,0,6,2,1,3,3,2,2,3,1,1,1,5,3,1
"561",2,2,4,2,47,4,2,3,0,1,12,12,1,7,0,1,1,1,5,5,3,2,3,3,3,3,4,5,1
"562",3,6,11,1,35,4,2,0,0,1,9,9,2,7,0,3,2,3,4,5,3,2,3,3,1,1,1,4,1
"563",2,5,3,2,53,3,2,2,0,1,6,6,1,8,0,6,3,1,3,5,2,1,3,3,3,2,3,4,1
"564",3,2,4,2,53,5,1,0,0,1,8,8,3,7,0,3,1,1,4,5,2,2,3,3,2,2,2,2,1
"565",2,7,4,2,38,3,2,2,0,1,12,12,1,4,2,3,2,2,4,2,2,1,3,2,2,2,2,2,1
"566",1,1,3,2,53,5,1,3,0,1,8,1,1,4,2,4,1,1,3,2,3,3,2,2,2,2,4,4,1
"567",4,3,2,1,39,3,2,0,0,1,13,10,3,7,0,6,2,3,5,5,2,3,1,1,1,1,5,5,1
"568",1,1,5,2,33,4,1,5,0,1,11,11,2,7,0,3,2,1,2,5,1,4,5,4,4,4,5,4,1
"569",3,3,3,1,54,5,1,0,0,1,12,2,2,2,1,4,1,1,4,1,1,2,5,5,5,5,5,5,1
"570",3,2,1,2,34,6,0,0,0,1,8,8,2,7,0,6,1,2,4,1,2,2,2,2,1,2,4,4,1
"571",3,2,3,1,68,4,2,3,0,1,12,1,2,5,2,2,3,3,4,2,3,2,4,2,1,2,4,3,1
"572",2,3,4,1,28,4,2,4,0,1,11,7,1,4,2,2,1,1,3,2,3,2,3,2,1,1,5,4,1
"573",1,1,5,2,38,4,2,0,0,1,13,3,1,3,2,2,1,1,4,3,1,3,2,1,1,4,4,4,1
"574",3,6,3,1,60,4,2,1,0,1,9,9,2,7,0,5,1,4,3,3,3,2,5,1,1,1,5,4,1
"575",3,7,4,2,44,3,2,0,0,1,16,16,2,3,1,2,1,2,4,3,3,4,3,3,3,3,4,4,1
"576",3,2,4,1,42,3,2,4,0,1,14,14,1,2,1,4,1,2,4,4,3,3,3,3,3,3,3,3,1
"577",1,1,0,2,52,4,2,0,0,1,12,12,1,8,0,2,1,1,3,5,2,2,3,2,2,2,5,5,1
"578",4,7,3,2,55,3,2,5,0,1,13,3,1,1,2,4,1,1,3,5,2,2,1,1,1,1,5,5,1
"579",3,2,3,1,58,4,2,5,0,1,10,10,2,3,1,3,1,1,3,1,3,2,4,2,2,2,3,3,1
"580",2,4,4,1,54,5,1,1,0,1,14,3,1,8,0,3,1,1,4,1,2,3,2,2,2,2,2,2,1
"581",2,3,5,1,46,3,2,3,0,1,2,2,1,7,0,3,1,1,3,2,3,3,4,4,2,3,4,2,1
"582",2,4,2,2,46,5,1,1,0,1,3,3,1,7,0,3,1,1,4,3,3,3,3,3,3,2,4,4,1
"583",4,6,2,1,46,4,2,6,0,1,10,15,3,3,1,2,1,1,3,4,2,2,4,3,2,2,4,4,1
"584",3,5,0,2,61,3,2,9,0,1,2,2,2,3,2,2,2,1,3,4,2,1,2,3,3,3,3,3,1
"585",2,4,5,2,55,4,1,9,0,1,13,13,1,7,0,6,1,2,4,4,3,3,1,1,1,1,5,5,1
"586",3,2,7,2,35,3,2,5,0,1,9,12,2,3,2,3,1,2,5,1,3,2,3,2,1,1,3,4,1
"587",3,7,3,2,58,2,2,4,0,1,11,1,2,3,2,3,2,3,3,1,1,1,3,3,3,3,1,3,1
"588",1,1,5,1,32,4,1,5,0,1,12,1,1,1,1,3,2,1,3,3,3,3,1,1,1,5,5,5,1
"589",2,3,0,2,55,6,0,9,0,1,2,2,1,3,2,4,1,3,4,3,3,2,3,2,2,2,4,4,1
"590",4,2,3,1,45,4,2,3,0,1,8,15,3,3,1,1,1,1,3,5,2,2,5,4,5,5,5,5,1
"591",3,2,6,1,50,3,2,5,0,1,15,8,2,8,0,6,1,1,3,5,2,2,4,4,4,4,4,4,1
"592",3,2,3,2,27,2,1,9,0,1,8,4,2,3,2,4,2,3,4,5,1,2,3,2,2,3,4,4,1
"593",4,2,3,1,38,3,2,4,0,1,9,9,2,7,0,6,1,1,3,5,2,2,3,3,2,3,4,3,1
"594",3,7,0,2,56,6,0,9,0,1,12,12,2,4,2,6,2,1,3,2,1,4,3,3,3,3,3,3,1
"595",2,5,3,2,41,4,2,0,0,1,6,5,1,7,0,2,1,4,5,2,2,1,4,2,1,3,4,4,1
"596",1,1,3,2,66,3,2,5,0,1,2,1,1,7,0,4,1,2,3,2,2,3,3,1,1,3,5,5,1
"597",3,5,5,1,31,3,2,4,0,1,10,2,2,3,2,3,1,1,5,2,3,3,4,1,1,3,5,3,1
"598",2,4,3,2,36,4,2,0,0,1,13,3,1,7,0,4,1,3,4,3,2,2,5,4,3,4,4,4,1
"599",1,1,1,2,59,4,2,0,0,1,1,1,1,8,0,3,1,1,3,3,1,1,3,2,1,1,1,4,1
"600",3,2,3,1,54,3,2,6,0,1,8,1,2,1,2,2,1,2,3,3,1,3,3,2,2,2,4,4,1
"601",3,2,11,2,53,3,2,5,0,1,1,1,2,3,2,3,1,1,3,3,2,3,3,4,1,3,4,4,1
"602",1,1,5,2,63,4,2,0,0,1,1,1,1,4,2,4,1,1,4,4,2,2,5,3,3,3,5,5,1
"603",4,7,1,1,68,5,1,0,0,1,12,12,3,8,0,6,1,1,2,4,3,1,4,4,4,3,5,5,1
"604",1,1,4,2,54,3,2,5,0,1,6,1,1,4,1,2,3,1,3,5,2,2,3,2,2,1,3,4,1
"605",2,4,10,2,43,4,2,3,0,1,3,3,1,3,2,2,2,1,3,1,2,2,3,4,1,4,4,4,1
"606",4,2,2,1,57,4,2,0,0,1,13,13,3,3,2,2,2,1,3,1,2,1,3,2,2,2,4,4,1
"607",3,2,1,2,53,4,2,5,0,1,14,14,2,7,0,3,3,1,3,1,3,2,1,2,2,1,4,3,1
"608",2,4,2,1,34,4,2,2,0,1,3,3,1,8,0,6,1,1,4,4,1,2,3,4,3,2,4,3,1
"609",1,1,4,1,56,3,2,4,0,1,8,1,1,1,1,5,2,2,3,4,3,3,5,4,5,5,2,4,1
"610",3,6,3,2,49,4,2,9,0,1,1,15,2,3,2,3,1,1,4,5,3,2,4,3,3,3,3,3,1
"611",2,7,1,1,45,5,1,0,0,1,9,9,1,7,0,3,2,1,5,1,2,1,3,3,2,2,4,4,1
"612",1,1,4,1,40,4,2,5,0,1,11,1,1,7,0,2,1,1,4,2,2,2,3,3,1,1,5,5,1
"613",3,2,7,2,56,6,0,5,0,1,14,1,2,8,0,4,1,3,3,2,3,3,3,3,2,2,3,3,1
"614",3,6,3,2,43,3,2,5,0,1,13,1,2,7,0,3,2,1,3,3,2,3,4,4,2,2,3,4,1
"615",1,1,2,1,59,3,2,5,0,1,13,1,1,3,1,1,1,1,3,3,2,2,3,3,3,3,3,3,1
"616",3,5,2,2,36,3,2,0,0,1,10,10,2,7,0,3,1,2,5,3,2,2,4,3,4,3,4,4,1
"617",4,2,3,2,36,4,2,2,0,1,1,1,3,7,0,2,2,1,3,3,1,3,3,2,1,1,3,3,1
"618",3,2,6,1,45,4,2,4,0,1,11,1,2,3,1,2,1,1,2,4,2,1,4,4,3,3,4,3,1
"619",3,6,3,1,53,3,2,3,0,1,9,1,1,7,0,6,1,1,3,4,2,2,4,1,3,3,4,3,1
"620",1,1,5,2,37,4,1,2,0,1,1,1,1,3,2,2,1,1,2,4,3,2,4,2,1,2,4,5,1
"621",2,2,2,2,27,2,2,5,0,1,8,4,1,7,0,2,2,1,3,2,3,2,3,1,1,2,5,5,1
"622",3,2,3,1,65,4,1,5,0,1,13,8,2,8,0,3,1,1,2,2,1,2,3,3,3,3,3,3,1
"623",2,5,3,1,50,4,2,5,0,1,9,9,1,7,0,3,1,1,3,3,2,2,3,3,3,3,3,3,1
"624",1,1,2,2,56,3,2,0,0,1,1,1,1,3,2,2,1,1,4,3,3,3,4,4,2,2,4,4,1
"625",1,1,4,1,59,5,1,2,0,1,1,1,1,7,0,3,2,4,4,4,1,3,4,2,4,4,4,4,1
"626",3,2,2,2,54,3,2,0,0,1,8,8,2,4,2,4,2,1,1,4,2,2,4,3,1,1,1,1,1
"627",3,2,5,1,50,3,2,3,0,1,12,12,2,3,1,3,2,1,3,5,2,4,3,3,3,3,5,3,1
"628",2,2,5,2,46,3,2,4,0,1,12,1,2,7,0,3,1,3,4,5,3,3,3,3,2,3,4,4,1
"629",3,2,2,1,57,3,2,4,0,1,8,8,2,7,0,5,1,1,5,1,2,1,3,3,3,4,5,5,1
"630",3,7,6,1,31,4,2,3,0,1,12,12,2,8,0,2,1,4,1,1,1,1,1,1,2,2,2,2,1
"631",3,2,4,2,60,5,1,2,0,1,8,1,1,7,0,3,2,1,4,3,2,3,3,3,2,2,4,4,1
"632",3,7,2,2,64,3,2,0,0,1,11,11,2,3,2,4,1,1,3,3,3,3,4,2,2,4,4,4,1
"633",3,6,7,2,37,4,2,3,0,1,9,9,2,8,0,6,2,1,4,3,2,1,3,3,3,3,3,3,1
"634",2,3,3,2,56,5,1,1,0,1,2,2,1,7,0,4,1,1,4,3,2,3,3,3,3,3,3,3,1
"635",1,1,1,2,24,4,2,4,0,1,10,10,1,3,2,2,1,1,3,4,2,1,3,3,1,2,3,3,1
"636",2,3,3,2,66,4,2,0,0,1,12,2,1,3,1,2,1,1,4,5,2,2,3,2,1,1,5,3,1
"637",4,5,4,1,37,4,2,3,0,1,10,10,3,7,0,3,1,1,4,5,3,2,2,2,1,2,4,4,1
"638",2,2,5,1,56,4,2,0,0,1,4,11,1,4,1,3,2,1,3,2,3,3,4,2,2,2,2,4,1
"639",1,1,4,1,44,5,1,1,0,1,11,1,1,7,0,4,1,1,3,2,2,2,4,2,2,2,4,4,1
"640",2,4,5,1,47,3,2,3,0,1,3,3,1,7,0,3,2,1,4,2,3,2,5,4,4,2,4,4,1
"641",1,1,1,2,48,3,1,9,0,1,10,10,1,3,1,2,1,1,3,2,2,3,4,4,4,1,5,5,1
"642",2,2,6,2,56,3,2,9,0,1,4,4,1,7,0,3,1,4,4,2,3,2,3,1,1,1,3,3,1
"643",3,5,4,2,37,4,2,0,0,1,15,1,2,7,0,3,1,3,4,5,3,4,3,3,3,3,4,4,1
"644",4,6,3,2,43,4,2,2,0,1,15,15,1,7,0,6,1,4,4,1,3,3,3,2,1,2,4,3,1
"645",1,1,1,2,56,2,2,9,0,1,12,12,2,3,2,2,2,1,4,2,1,1,3,3,3,3,1,1,1
"646",3,2,5,2,38,3,2,5,0,1,12,1,1,3,2,2,1,3,4,3,2,1,2,2,1,3,3,4,1
"647",3,6,5,2,39,4,2,5,0,1,15,9,2,3,2,2,1,2,1,4,2,2,4,3,2,2,4,5,1
"648",1,1,2,2,50,6,0,5,0,1,15,1,2,3,1,3,1,3,3,4,3,3,1,1,1,3,2,5,1
"649",1,1,2,2,54,2,2,0,0,1,12,12,1,8,0,3,1,2,5,4,2,4,3,1,1,1,4,5,1
"650",3,7,3,1,40,3,2,4,0,1,11,11,2,3,1,1,1,1,4,4,2,1,3,3,3,3,3,3,1
"651",3,2,2,2,53,3,1,4,0,1,5,12,3,8,0,2,1,2,3,4,2,3,3,3,3,3,5,5,1
"652",1,1,2,2,44,6,0,5,0,1,1,1,1,7,0,4,1,3,5,3,3,3,3,2,1,1,3,4,1
"653",3,2,0,1,61,4,2,0,0,1,9,1,2,2,2,4,1,1,3,1,3,2,3,4,2,2,4,5,1
"654",3,3,6,2,46,4,2,1,0,1,13,13,2,7,0,3,1,1,3,1,2,3,3,3,2,2,3,3,1
"655",1,1,8,2,32,4,2,3,0,1,5,5,1,3,1,2,1,1,3,1,3,3,4,4,2,4,4,5,1
"656",3,2,4,1,55,5,1,0,0,1,12,6,2,5,1,2,2,1,3,2,3,2,4,3,2,4,4,4,1
"657",3,6,4,1,58,4,2,0,0,1,15,15,2,7,0,5,1,1,3,2,3,3,4,3,2,4,4,4,1
"658",2,5,3,1,43,4,2,0,0,1,9,6,1,3,1,2,2,1,3,3,2,2,3,2,3,4,4,4,1
"659",3,3,8,1,47,4,2,4,0,1,14,14,3,7,0,5,2,2,2,3,2,4,3,4,3,3,5,3,1
"660",3,2,7,1,45,3,2,4,0,1,11,1,2,5,1,2,1,1,3,3,2,3,2,2,2,2,2,5,1
"661",3,7,3,2,29,4,2,2,0,1,12,12,2,7,0,6,1,1,5,4,2,1,3,3,3,3,3,3,1
"662",4,2,4,2,36,4,2,5,0,1,8,1,3,7,0,3,1,1,5,5,3,2,5,3,5,3,5,5,1
"663",3,6,0,2,49,3,2,3,0,1,15,15,2,7,0,6,2,3,3,1,3,1,3,3,4,3,4,3,1
"664",2,5,2,2,52,3,2,0,0,1,6,10,1,7,0,4,1,3,4,2,3,2,3,3,3,2,3,4,1
"665",2,5,4,1,35,3,2,4,0,1,11,2,1,3,1,3,1,2,5,3,3,3,5,3,2,5,5,4,1
"666",4,6,7,1,48,4,2,7,0,1,9,9,3,1,2,4,1,1,3,4,2,2,3,2,2,2,4,4,1
"667",2,3,3,2,50,3,2,5,0,1,6,6,1,8,0,2,2,3,1,4,3,2,3,1,1,1,4,4,1
"668",3,2,0,2,52,3,2,0,0,1,15,15,2,3,2,4,1,2,1,5,1,3,5,3,1,1,5,3,1
"669",2,7,8,2,61,5,1,0,0,1,2,1,1,7,0,4,1,1,3,1,2,2,4,4,2,3,5,5,1
"670",4,6,3,1,31,3,2,6,0,1,9,9,3,8,0,6,2,2,4,1,3,3,3,1,1,2,5,3,1
"671",3,5,1,2,54,4,2,0,0,1,11,11,2,3,2,2,1,1,3,1,2,2,4,4,1,3,4,4,1
"672",2,7,2,2,56,4,2,0,0,1,12,12,1,3,2,2,1,1,2,2,3,2,3,3,3,2,4,4,1
"673",2,2,1,2,20,3,1,0,0,1,4,4,3,7,0,3,4,1,4,2,3,2,2,1,1,2,4,4,1
"674",1,1,4,1,75,4,2,3,0,1,1,1,1,8,0,1,2,3,3,3,2,2,4,3,4,3,3,3,1
"675",3,2,3,1,53,3,2,0,0,1,15,6,2,7,0,3,2,3,4,3,3,3,5,2,5,4,5,5,1
"676",3,2,2,1,59,5,1,2,0,1,14,14,1,1,1,3,2,1,4,3,2,3,1,1,1,3,3,3,1
"677",3,6,8,1,35,4,2,2,0,1,9,4,2,3,1,3,2,1,4,3,2,2,3,3,2,2,4,4,1
"678",4,7,3,1,46,3,2,4,0,1,12,12,3,8,0,6,2,2,4,4,4,1,3,3,3,3,3,3,1
"679",4,6,3,1,44,4,2,3,0,1,1,1,1,8,0,3,1,3,3,5,1,1,1,1,1,1,5,5,1
"680",3,2,4,2,60,3,2,9,0,1,13,13,2,7,0,4,1,3,5,1,3,2,3,3,2,3,4,3,1
"681",2,3,2,2,59,3,2,0,0,1,2,2,1,7,0,4,1,3,4,1,1,2,3,3,3,3,3,3,1
"682",3,3,4,2,47,3,2,5,0,1,15,15,1,7,0,3,1,3,5,2,3,1,3,1,2,2,5,5,1
"683",3,7,3,1,49,5,1,0,0,1,11,11,2,8,0,2,1,1,4,3,2,2,4,4,2,3,4,4,1
"684",3,6,3,2,57,5,1,0,0,1,8,8,2,7,0,3,1,1,4,3,2,2,4,2,2,2,5,5,1
"685",1,1,1,2,58,3,2,0,0,1,1,1,1,1,2,3,3,3,1,3,2,2,3,5,5,5,5,3,1
"686",3,2,4,1,51,3,2,4,0,1,12,11,2,3,1,2,1,1,4,4,3,3,5,2,2,2,5,4,1
"687",1,1,3,1,55,3,2,4,0,1,10,10,1,3,1,2,2,1,3,4,1,2,3,1,1,1,1,1,1
"688",3,3,3,1,62,4,2,7,0,1,14,14,2,4,2,2,2,1,3,5,3,2,3,1,1,1,4,5,1
"689",3,2,4,1,50,4,2,3,0,1,14,1,1,8,0,4,1,2,4,1,2,3,4,3,2,3,3,4,1
"690",3,2,4,2,40,3,2,0,0,1,8,3,1,7,0,1,1,2,4,3,2,1,4,2,2,3,4,4,1
"691",3,7,3,1,64,4,2,0,0,1,3,3,2,2,2,4,1,1,3,3,2,4,4,3,3,3,4,3,1
"692",1,1,11,2,51,4,1,9,0,1,1,1,1,3,1,3,2,1,3,3,1,2,4,4,3,3,4,4,1
"693",4,5,2,1,56,1,2,4,0,1,13,13,3,8,0,3,1,1,3,3,1,1,3,3,3,3,3,3,1
"694",4,2,2,2,53,3,2,5,0,1,8,3,3,7,0,2,3,1,1,4,2,2,2,2,2,2,2,4,1
"695",1,1,3,1,61,4,1,0,0,1,13,3,1,1,1,3,1,3,3,5,3,3,5,5,4,5,5,5,1
"696",2,3,3,1,58,3,2,4,0,1,14,2,1,1,1,5,1,1,4,2,3,2,4,3,1,2,1,4,1
"697",3,3,5,2,52,3,2,0,0,1,14,14,2,6,2,3,3,2,4,2,2,1,3,5,5,5,5,5,1
"698",3,5,7,2,46,3,2,9,0,1,15,4,1,8,0,3,1,1,4,4,3,4,2,3,3,3,3,4,1
"699",3,3,5,1,53,3,2,1,0,1,13,13,2,3,1,3,1,1,4,5,2,2,5,5,5,5,5,5,1
"700",3,2,1,2,50,2,2,0,0,1,13,13,1,7,0,2,1,4,3,5,1,1,4,4,4,4,4,5,1
"701",3,6,5,2,38,4,2,9,0,1,10,10,3,7,0,3,1,2,4,1,2,2,3,2,2,2,2,2,1
"702",3,2,6,2,42,3,2,0,0,1,8,1,2,7,0,2,4,1,3,2,2,3,4,2,2,3,5,4,1
"703",2,7,5,2,39,4,2,0,0,1,1,1,3,4,1,2,3,4,2,2,2,2,3,2,3,4,3,3,1
"704",2,2,3,1,59,6,0,2,0,1,4,4,1,7,0,2,1,1,4,2,2,1,3,3,2,2,3,4,1
"705",1,1,3,2,46,4,2,3,0,1,1,1,1,7,0,1,2,1,4,2,2,2,3,1,1,2,4,4,1
"706",3,2,3,2,43,3,2,4,0,1,12,12,2,7,0,3,2,1,5,3,2,2,4,3,1,1,5,4,1
"707",1,1,1,1,51,4,2,5,0,1,1,1,1,7,0,6,1,3,3,3,2,2,4,3,2,2,5,5,1
"708",4,3,2,1,28,4,2,3,0,1,13,3,3,8,0,3,1,3,3,3,3,3,3,2,1,1,4,3,1
"709",4,7,1,2,33,6,0,0,0,1,12,4,1,8,0,3,2,4,2,3,2,2,5,4,4,2,4,4,1
"710",2,3,4,2,58,4,2,0,0,1,2,2,1,7,0,5,1,1,3,4,2,2,4,4,4,4,4,3,1
"711",3,2,5,2,52,3,2,5,0,1,12,12,2,3,2,3,1,1,4,5,2,3,4,4,3,3,4,5,1
"712",3,3,1,2,52,3,2,0,0,1,13,13,2,1,1,4,1,2,3,5,1,1,3,3,3,3,4,3,1
"713",3,6,3,1,59,5,1,0,0,1,9,9,2,7,0,4,2,1,3,2,3,3,3,3,3,3,3,3,1
"714",2,7,3,2,59,3,2,9,0,1,12,5,2,4,2,3,2,1,3,3,1,2,2,2,2,1,1,2,1
"715",4,3,3,2,52,3,2,0,0,1,3,3,3,7,0,2,1,1,3,4,2,3,1,1,1,1,5,5,1
"716",3,7,3,1,42,3,2,3,0,1,12,12,2,4,1,3,3,1,4,4,1,2,3,1,1,1,1,3,1
"717",3,5,1,1,64,5,1,0,0,1,10,10,2,5,2,2,1,1,3,5,1,3,3,4,4,3,3,4,1
"718",3,7,3,1,56,4,2,3,0,1,12,12,2,3,1,1,2,1,3,5,2,3,3,3,4,4,3,4,1
"719",3,5,3,2,43,3,2,3,0,1,10,10,2,7,0,3,1,3,4,1,3,1,3,3,1,4,4,5,1
"720",3,6,3,1,45,4,1,0,0,1,14,14,2,2,1,4,1,1,4,2,3,3,3,3,3,3,3,3,1
"721",3,7,6,2,41,4,2,3,0,1,16,16,2,3,1,2,1,1,4,2,3,2,2,2,2,2,1,2,1
"722",1,1,5,1,48,3,2,4,0,1,9,1,1,7,0,2,1,1,3,3,3,2,5,3,1,1,5,5,1
"723",1,1,3,2,54,5,1,3,0,1,1,1,1,7,0,2,2,4,5,3,2,1,3,3,3,1,4,4,1
"724",3,6,2,2,31,4,2,2,0,1,9,8,2,3,2,2,1,2,5,3,3,1,1,1,1,1,3,4,1
"725",1,1,0,2,45,2,2,9,0,1,11,11,3,4,1,1,2,1,3,3,3,3,3,3,2,2,2,2,1
"726",3,2,4,2,45,3,2,4,0,1,15,15,2,8,0,2,2,4,4,4,1,2,3,3,3,3,3,3,1
"727",1,1,4,2,55,3,2,5,0,1,8,1,1,7,0,3,2,2,1,4,2,3,3,3,3,4,1,1,1
"728",3,7,3,1,37,3,2,4,0,1,12,12,2,3,2,2,1,1,3,5,3,3,3,3,3,3,3,3,1
"729",1,1,7,1,28,4,1,0,0,1,12,12,2,3,1,2,2,1,3,5,2,3,2,2,1,1,4,5,1
"730",3,5,9,1,46,4,2,1,0,1,10,10,2,8,0,4,1,1,3,5,3,2,4,4,2,4,4,4,1
"731",2,7,3,1,44,6,0,1,0,1,11,5,1,4,2,2,1,2,3,2,3,2,1,1,1,1,1,5,1
"732",3,7,3,1,60,4,2,4,0,1,11,1,2,4,2,3,1,1,4,2,3,3,2,2,2,2,3,5,1
"733",1,1,4,2,60,5,1,3,0,1,1,1,1,8,0,5,1,3,3,2,3,3,4,4,4,4,4,4,1
"734",1,1,5,1,44,4,2,0,0,1,1,1,1,7,0,3,2,1,3,5,3,3,2,2,2,1,4,4,1
"735",2,2,3,2,29,4,1,0,0,1,4,12,1,7,0,6,2,2,5,4,1,1,3,3,3,3,3,3,1
"736",3,2,3,2,47,3,2,0,0,1,1,1,2,3,1,3,1,2,4,1,2,3,1,1,1,1,5,5,1
"737",3,3,6,1,35,4,2,3,0,1,3,3,2,3,2,2,1,1,3,1,3,2,4,1,3,1,5,5,1
"738",3,3,4,1,70,4,2,0,0,1,14,14,2,7,0,3,2,1,4,1,3,2,3,3,3,3,3,3,1
"739",3,2,5,2,40,4,2,0,0,1,1,14,2,7,0,2,1,3,4,2,2,1,2,2,1,1,4,4,1
"740",2,4,1,2,46,3,2,0,0,1,3,3,2,7,0,2,3,4,1,3,3,2,3,1,1,1,5,5,1
"741",2,3,3,2,55,3,2,5,0,1,2,2,1,3,2,2,2,1,3,3,3,2,4,2,4,3,4,4,1
"742",2,5,3,1,57,4,2,0,0,1,12,12,1,5,2,2,4,1,4,4,2,3,4,2,2,2,4,4,1
"743",4,5,3,2,20,3,2,3,0,1,10,10,3,3,2,1,1,1,5,4,3,4,3,1,1,1,3,3,1
"744",2,2,3,1,34,4,1,5,0,1,12,1,1,7,0,3,1,3,4,5,2,1,3,3,3,3,2,3,1
"745",1,1,11,2,48,4,2,0,0,1,2,2,1,3,2,2,2,1,3,1,2,2,3,2,2,2,2,3,1
"746",1,1,3,1,62,4,2,0,0,1,1,11,1,4,1,2,1,3,3,2,4,2,4,4,3,4,3,4,1
"747",3,6,4,2,24,4,2,0,0,1,3,9,2,5,2,3,1,2,1,3,2,1,4,2,1,3,5,5,1
"748",3,3,2,2,28,4,2,2,0,1,14,14,2,3,2,2,1,1,4,3,3,1,2,1,2,2,4,4,1
"749",3,2,5,1,48,4,2,3,0,1,12,1,2,7,0,3,1,1,4,4,3,2,3,2,2,2,3,3,1
"750",3,2,3,1,55,5,1,0,0,1,14,15,2,7,0,5,1,1,4,1,2,1,4,2,2,3,3,3,1
"751",2,2,1,1,50,3,1,0,0,1,4,1,1,3,1,2,2,2,4,1,3,1,5,1,1,3,3,5,1
"752",1,1,3,1,39,3,2,4,0,1,9,1,1,3,2,1,2,1,3,1,2,2,3,1,1,1,5,5,1
"753",3,3,5,1,45,3,2,4,0,1,14,14,2,3,1,3,2,3,3,1,2,3,4,3,3,4,4,4,1
"754",1,1,3,2,61,3,2,5,0,1,8,2,1,8,0,4,1,1,3,1,2,2,3,5,5,1,5,4,1
"755",3,5,5,2,23,4,1,0,0,1,15,8,2,7,0,3,2,1,4,2,2,2,2,2,2,3,4,4,1
"756",3,2,0,2,60,3,1,0,0,1,8,1,2,6,1,1,3,1,4,2,2,2,3,3,3,3,3,3,1
"757",2,3,4,1,56,1,2,0,0,1,12,7,2,7,0,3,2,1,3,2,1,3,3,3,3,3,4,3,1
"758",3,2,0,2,60,3,2,4,0,1,13,1,2,8,0,3,1,3,2,3,3,1,2,3,3,2,3,3,1
"759",3,3,4,1,43,4,2,1,0,1,13,13,2,8,0,3,1,3,4,4,3,3,5,3,1,5,5,5,1
"760",4,2,1,1,49,4,2,5,0,1,12,8,3,7,0,3,1,1,4,4,2,1,5,5,5,5,5,5,1
"761",3,6,5,1,38,4,2,3,0,1,9,8,2,3,2,2,1,1,3,4,2,2,2,2,1,2,4,4,1
"762",2,3,7,1,28,3,2,0,0,1,2,2,1,7,0,3,1,1,3,4,3,2,3,2,2,3,4,4,1
"763",1,1,2,1,62,3,2,7,0,1,1,1,1,1,1,3,1,1,3,4,2,1,3,3,3,3,5,5,1
"764",2,5,2,1,32,4,2,4,0,1,10,6,1,8,0,6,1,3,4,5,3,3,3,3,4,3,2,3,1
"765",2,3,8,1,47,3,2,2,0,1,14,14,1,7,0,3,2,3,4,1,3,2,3,3,3,3,3,3,1
"766",2,4,3,2,27,3,2,4,0,1,13,13,1,7,0,5,2,1,3,1,2,1,4,4,3,4,3,3,1
"767",2,2,5,2,44,4,2,3,0,1,4,4,1,3,1,1,2,2,2,1,2,3,3,3,3,3,5,4,1
"768",3,6,4,2,55,5,1,0,0,1,15,15,1,1,1,1,1,1,3,1,1,1,3,1,1,1,3,3,1
"769",2,7,4,2,47,4,2,5,0,1,12,12,1,7,0,6,2,3,3,2,1,2,3,3,4,4,2,3,1
"770",2,7,5,2,51,3,2,9,0,1,5,5,2,3,2,3,2,4,5,2,2,2,4,4,3,3,3,3,1
"771",1,1,6,1,32,4,2,3,0,1,9,8,1,7,0,4,1,1,3,3,3,3,4,2,1,1,4,4,1
"772",3,2,6,2,20,4,1,0,0,1,9,8,2,8,0,6,1,1,5,3,3,3,3,3,3,3,4,4,1
"773",2,3,0,1,56,3,2,7,0,1,14,14,1,8,0,2,3,3,3,3,3,3,1,1,1,1,1,1,1
"774",1,1,5,1,66,4,2,0,0,1,11,4,1,4,1,4,1,1,4,4,3,3,4,4,4,4,5,4,1
"775",2,4,2,1,64,4,2,0,0,1,3,3,1,7,0,3,1,1,3,2,3,2,2,2,2,2,5,3,1
"776",3,2,3,1,55,4,2,4,0,1,4,4,2,1,2,4,1,2,3,1,2,2,3,3,3,3,3,3,1
"777",3,7,2,2,56,6,0,0,0,1,12,12,2,4,1,3,2,1,4,1,2,2,3,3,3,1,3,3,1
"778",1,1,2,2,53,5,1,2,0,1,4,4,1,6,1,2,1,1,3,2,2,2,4,2,2,4,4,4,1
"779",2,4,3,1,25,4,1,0,0,1,13,3,1,7,0,3,1,1,3,2,3,2,3,3,3,1,5,5,1
"780",3,5,2,1,59,4,2,3,0,1,10,10,2,7,0,4,1,1,4,2,1,2,3,2,3,3,4,4,1
"781",2,3,3,1,27,4,1,4,0,1,2,2,1,8,0,3,1,3,4,3,2,1,3,1,1,1,5,5,1
"782",2,3,10,1,33,3,2,0,0,1,12,7,1,3,1,2,1,1,3,3,2,2,1,1,1,1,1,3,1
"783",3,2,4,1,75,4,2,0,0,1,4,4,1,7,0,3,1,1,3,3,2,2,3,2,2,2,4,4,1
"784",3,2,4,1,42,4,2,3,0,1,12,1,2,3,2,2,1,2,4,5,2,3,4,3,3,3,3,3,1
"785",1,1,2,1,60,4,2,0,0,1,1,5,1,1,1,5,1,1,4,2,2,2,4,3,3,4,4,3,1
"786",2,4,3,1,67,4,1,2,0,1,3,3,1,8,0,6,1,1,5,1,1,1,3,3,3,3,3,3,1
"787",3,2,3,1,60,3,2,5,0,1,8,8,2,7,0,4,1,1,3,1,2,3,4,1,1,3,5,5,1
"788",3,3,2,2,57,4,2,3,0,1,13,13,2,7,0,3,1,1,4,2,3,4,3,3,3,3,4,4,1
"789",3,2,1,1,21,2,1,0,0,1,1,1,2,7,0,3,1,3,3,2,2,2,2,2,1,5,5,4,1
"790",3,5,3,2,26,4,2,0,0,1,3,6,1,8,0,2,1,1,3,3,2,2,2,2,1,1,2,2,1
"791",2,7,3,1,50,4,2,0,0,1,5,5,1,4,2,3,1,4,4,5,3,3,4,4,3,3,4,5,1
"792",4,7,2,1,35,4,2,7,0,1,12,12,3,3,1,2,1,1,3,5,2,4,3,3,3,3,3,3,1
"793",3,2,6,1,43,4,2,2,0,1,11,11,2,5,2,2,1,1,4,1,2,3,3,1,1,1,5,5,1
"794",2,7,2,2,55,3,2,5,0,1,5,5,1,4,2,2,2,1,4,1,3,2,3,3,4,3,4,4,1
"795",2,7,1,1,29,4,1,0,0,1,5,5,1,3,1,1,1,1,3,2,3,3,1,1,1,1,5,4,1
"796",2,4,5,2,75,4,2,0,0,1,3,3,1,2,1,2,1,1,3,2,2,3,3,4,4,3,4,3,1
"797",4,6,4,2,45,4,2,2,0,1,1,1,3,7,0,2,2,4,4,2,2,2,3,3,1,3,4,4,1
"798",2,5,2,2,57,4,1,2,0,1,1,1,1,7,0,3,1,1,3,3,1,4,3,2,3,2,4,3,1
"799",3,2,0,2,52,5,1,9,0,1,8,4,2,3,1,2,1,1,3,3,3,3,4,2,2,3,3,3,1
"800",1,1,6,1,44,3,2,3,0,1,9,1,1,2,1,2,1,1,4,3,2,3,2,1,1,5,5,5,1
"801",2,5,2,1,56,4,2,0,0,1,6,1,1,7,0,3,1,1,4,4,4,3,4,2,1,5,5,4,1
"802",3,2,5,1,62,5,1,2,0,1,8,12,2,7,0,5,2,2,4,2,1,2,4,1,1,1,5,5,1
"803",2,2,5,1,49,4,2,3,0,1,10,10,1,5,1,3,4,1,4,1,2,2,5,3,3,3,4,5,1
"804",2,3,5,1,20,4,1,0,0,1,2,2,1,7,0,6,1,3,4,2,1,3,4,1,1,4,5,5,1
"805",3,5,4,1,39,3,2,4,0,1,10,10,2,5,1,2,1,1,3,2,3,3,3,3,3,1,3,4,1
"806",3,2,10,1,54,4,2,1,0,1,8,4,1,4,2,1,1,1,3,2,2,2,3,3,3,3,2,2,1
"807",3,3,2,1,44,3,2,3,0,1,13,8,2,8,0,2,1,3,4,3,2,3,3,4,4,3,4,4,1
"808",3,6,7,1,40,4,2,3,0,1,15,15,3,4,2,2,1,3,4,3,3,3,4,2,2,1,2,2,1
"809",3,5,2,2,45,5,1,2,0,1,1,10,3,3,2,2,1,1,4,4,2,3,2,2,1,1,5,5,1
"810",3,2,9,2,50,4,2,3,0,1,11,1,1,7,0,2,1,1,3,4,3,3,4,3,4,3,4,4,1
"811",1,1,3,2,58,3,2,5,0,1,11,1,1,3,2,3,2,2,1,5,1,2,3,3,3,3,3,3,1
"812",3,7,5,2,39,3,2,0,0,1,12,12,2,8,0,3,2,1,4,1,3,3,3,3,2,1,1,1,1
"813",3,2,3,2,53,2,2,5,0,1,9,9,2,3,2,4,1,1,4,2,3,1,2,2,1,1,3,2,1
"814",4,6,8,2,42,4,2,1,0,1,8,8,3,7,0,2,1,2,5,3,1,2,2,2,2,2,4,4,1
"815",2,3,11,2,28,4,2,2,0,1,10,10,2,3,1,2,1,1,3,4,1,1,3,3,3,3,3,3,1
"816",1,1,11,2,20,4,1,0,0,1,5,5,1,8,0,3,1,3,5,4,2,4,2,2,2,2,4,4,1
"817",1,1,2,2,52,3,1,0,0,1,11,6,1,8,0,3,1,1,5,4,3,3,3,3,3,3,3,3,1
"818",4,6,2,2,47,3,2,0,0,1,14,2,1,7,0,3,1,2,3,5,3,3,4,4,4,3,3,4,1
"819",2,5,4,1,58,4,2,0,0,1,6,9,1,7,0,4,1,1,4,5,2,3,5,5,1,1,5,5,1
"820",2,2,4,1,47,3,2,4,0,1,10,4,1,7,0,3,1,1,2,5,3,2,5,2,1,1,5,5,1
"821",4,6,1,1,36,2,2,2,0,1,14,9,3,7,0,2,2,2,3,4,2,2,3,3,3,3,3,3,1
"822",3,3,3,1,48,3,1,0,0,1,14,14,2,6,1,3,3,2,4,2,3,2,3,5,3,3,4,3,1
"823",2,2,3,2,44,3,2,0,0,1,4,4,1,3,2,2,1,1,3,2,1,2,4,2,2,2,4,4,1
"824",3,2,2,2,30,3,1,2,0,1,8,8,2,8,0,6,2,1,3,3,3,3,3,3,1,3,3,3,1
"825",4,6,4,1,34,4,2,4,0,1,9,9,3,3,1,4,1,1,3,3,2,1,3,2,2,2,5,5,1
"826",3,2,5,1,53,3,2,3,0,1,8,1,2,7,0,5,1,1,3,4,2,1,5,5,5,5,5,5,1
"827",1,1,11,1,57,4,2,0,0,1,1,12,1,3,1,3,1,1,3,5,2,3,5,3,3,3,5,5,1
"828",3,3,3,2,45,3,2,0,0,1,14,14,2,3,2,2,1,1,3,5,3,2,3,2,3,3,4,3,1
"829",2,7,3,2,48,5,1,2,0,1,5,5,1,5,2,1,1,1,3,5,2,1,3,3,1,4,5,3,1
"830",1,1,3,1,63,5,1,2,0,1,1,1,1,2,1,4,1,1,4,1,2,3,4,5,5,5,5,5,1
"831",4,6,5,1,44,3,2,1,0,1,15,15,3,7,0,3,1,1,3,1,2,2,3,3,2,2,4,4,1
"832",2,3,5,1,36,4,2,5,0,1,2,2,1,3,1,2,2,1,3,1,2,2,4,3,4,3,4,4,1
"833",3,2,1,2,43,5,1,0,0,1,8,13,2,5,2,2,1,1,3,1,2,3,3,3,3,3,4,4,1
"834",3,2,1,2,58,3,2,2,0,1,8,1,2,8,0,3,2,1,4,2,2,2,3,3,3,3,3,3,1
"835",3,2,3,1,63,4,2,3,0,1,1,1,1,1,2,4,1,1,4,3,3,3,4,4,1,4,4,5,1
"836",4,6,0,2,42,1,2,9,0,1,12,1,3,4,1,6,3,1,4,3,3,3,4,4,5,3,4,3,1
"837",3,7,2,2,56,3,2,3,0,1,11,11,2,7,0,2,2,3,4,4,3,2,5,4,4,5,5,5,1
"838",4,7,2,1,45,1,2,6,0,1,12,12,3,4,2,2,1,3,4,5,4,1,3,2,2,2,2,4,1
"839",3,3,4,1,21,4,1,0,0,1,13,13,2,3,1,2,1,1,4,5,1,3,3,3,1,2,3,4,1
"840",1,1,3,2,62,4,2,0,0,1,1,15,1,2,1,3,2,1,3,1,3,3,4,4,4,4,4,4,1
"841",3,2,0,1,49,3,2,0,0,1,9,1,2,7,0,6,1,4,3,1,2,1,3,1,1,5,3,3,1
"842",2,2,5,2,34,4,2,4,0,1,14,4,1,7,0,2,2,1,4,1,2,1,3,2,2,1,4,5,1
"843",2,5,5,2,20,4,1,0,0,1,10,10,3,7,0,6,1,1,4,2,1,1,2,2,3,3,3,4,1
"844",3,5,2,1,35,3,2,4,0,1,9,9,2,6,2,4,1,3,2,2,2,2,4,3,2,1,5,4,1
"845",3,6,3,1,51,4,1,0,0,1,9,9,2,4,1,2,1,2,3,3,2,2,1,2,1,2,5,5,1
"846",2,2,1,2,44,3,2,4,0,1,4,16,1,3,1,1,2,1,1,3,2,2,4,4,3,3,4,5,1
"847",3,5,3,1,29,4,1,0,0,1,3,10,2,8,0,4,1,4,3,5,2,3,4,3,1,2,3,2,1
"848",3,7,4,2,28,4,2,3,0,1,11,11,2,8,0,2,1,1,3,5,3,2,3,2,1,4,4,5,1
"849",3,3,5,2,21,4,1,0,0,1,14,14,2,7,0,2,3,1,4,1,2,1,4,3,3,3,3,4,1
"850",3,7,0,1,54,5,1,0,0,1,11,11,2,3,2,2,1,1,4,1,2,3,2,2,1,1,2,2,1
"851",3,6,0,2,34,5,1,0,0,1,9,9,2,8,0,6,1,2,4,2,2,1,4,4,4,2,4,4,1
"852",1,1,5,2,47,4,2,2,0,1,1,1,2,7,0,2,1,3,4,2,3,2,3,3,3,3,3,2,1
"853",2,3,4,2,46,4,2,2,0,1,2,2,1,3,1,2,1,1,3,2,2,1,3,4,4,3,4,4,1
"854",3,2,2,2,59,3,2,2,0,1,5,5,1,4,1,3,1,1,4,2,1,1,3,3,3,3,3,5,1
"855",3,5,4,2,44,3,2,5,0,1,10,10,2,8,0,4,3,1,3,3,3,2,3,1,1,1,4,4,1
"856",2,5,1,2,25,4,1,0,0,1,14,14,1,3,2,2,1,1,4,3,2,1,1,1,1,1,5,5,1
"857",2,2,4,2,59,3,2,4,0,1,13,13,1,1,2,3,1,1,4,4,3,2,3,3,3,4,4,4,1
"858",2,2,4,1,44,3,2,3,0,1,4,4,1,8,0,1,2,3,2,4,2,3,4,4,4,4,5,3,1
"859",3,3,4,1,43,3,2,4,0,1,14,14,2,7,0,3,1,1,3,4,3,2,4,4,4,3,4,4,1
"860",3,2,3,1,25,4,1,0,0,1,8,8,1,7,0,3,2,1,5,1,2,1,2,3,1,2,2,3,1
"861",2,2,2,2,54,1,2,5,0,1,4,10,1,8,0,4,1,1,4,2,1,2,3,3,3,4,3,3,1
"862",3,2,4,1,51,4,2,4,0,1,11,11,2,3,2,3,1,1,3,2,2,3,2,2,2,3,2,2,1
"863",2,7,11,2,49,4,2,5,0,1,12,5,1,3,2,2,1,1,4,3,3,3,3,3,3,4,5,5,1
"864",3,3,2,1,57,4,2,0,0,1,2,2,2,5,1,1,2,1,4,3,3,1,3,3,3,3,3,3,1
"865",3,2,3,1,22,4,1,0,0,1,8,8,2,3,1,3,1,1,4,4,1,2,3,1,1,1,5,5,1
"866",1,1,6,1,53,3,2,0,0,1,1,1,1,7,0,3,2,1,4,4,2,2,5,1,1,1,5,5,1
"867",1,1,5,1,42,4,2,5,0,1,1,1,1,3,1,2,1,1,3,5,2,1,3,3,3,2,4,4,1
"868",3,5,5,1,37,3,2,4,0,1,10,10,2,7,0,3,1,3,4,5,3,2,3,2,3,1,2,3,1
"869",1,1,9,1,40,4,2,2,0,1,14,1,1,5,1,2,1,1,4,5,3,3,2,2,1,2,4,5,1
"870",1,1,11,2,34,3,2,0,0,1,15,8,2,7,0,3,1,4,1,5,2,3,1,1,1,1,5,3,1
"871",3,6,2,1,47,4,2,0,0,1,1,1,2,5,1,1,1,1,3,1,1,2,2,2,1,3,5,5,1
"872",3,6,3,1,58,4,2,2,0,1,1,1,2,2,2,4,1,1,3,1,3,2,4,4,4,3,5,4,1
"873",3,2,11,2,41,4,2,1,0,1,3,1,1,3,2,2,1,1,3,1,3,2,5,5,1,3,5,4,1
"874",3,6,7,1,49,4,2,3,0,1,1,1,2,3,1,2,1,1,4,2,2,2,5,5,4,4,5,5,1
"875",2,5,1,1,60,4,2,0,0,1,6,6,1,2,2,4,1,1,3,2,3,3,4,4,3,3,5,5,1
"876",2,3,3,2,44,6,0,0,0,1,2,1,1,7,0,3,1,1,3,2,3,4,3,3,3,3,3,3,1
"877",4,3,4,1,51,4,2,3,0,1,13,13,3,8,0,6,1,1,3,2,2,2,4,4,4,4,4,4,1
"878",2,4,2,2,23,4,1,3,0,1,3,3,1,3,2,3,2,1,3,3,2,2,2,2,2,1,4,4,1
"879",2,2,3,1,59,2,2,0,0,1,11,10,3,7,0,3,1,3,4,4,1,1,3,3,4,5,5,3,1
"880",4,7,2,2,33,4,2,3,0,1,11,11,3,7,0,3,1,1,4,5,2,4,2,2,1,2,4,4,1
"881",2,4,10,2,39,3,2,9,0,1,3,3,1,8,0,6,1,1,2,5,1,3,3,3,3,2,4,3,1
"882",1,1,7,1,72,3,2,0,0,1,10,1,2,7,0,5,1,1,3,5,2,2,3,3,3,3,3,3,1
"883",3,2,0,2,68,2,2,9,0,1,10,10,3,1,2,1,1,1,4,2,2,1,5,5,1,1,3,3,1
"884",1,1,4,2,26,4,2,3,0,1,9,10,3,3,1,3,2,1,3,1,3,2,3,4,1,1,4,4,1
"885",2,2,2,1,56,5,1,3,0,1,3,3,1,3,1,2,1,1,3,1,2,1,3,4,4,3,3,3,1
"886",1,1,4,2,48,4,1,5,0,1,9,1,1,7,0,3,1,1,3,1,3,2,3,4,2,4,4,4,1
"887",2,4,0,2,47,6,0,9,0,1,10,10,1,3,2,3,2,1,4,1,1,1,3,2,2,3,2,3,1
"888",3,2,6,1,26,4,1,0,0,1,1,8,2,4,2,3,2,1,3,2,2,2,2,2,2,2,4,4,1
"889",2,5,1,2,51,5,1,9,0,1,10,8,1,3,1,2,1,1,4,3,2,3,4,2,2,2,5,4,1
"890",1,1,2,2,59,3,2,4,0,1,10,1,1,8,0,1,1,1,3,4,2,3,2,2,2,2,3,4,1
"891",1,1,2,2,22,4,1,0,0,1,5,1,1,5,2,2,2,1,4,5,2,2,1,1,2,5,5,4,1
"892",2,7,2,2,66,3,2,9,0,1,5,5,1,3,1,1,2,1,3,1,2,2,5,5,5,4,5,3,1
"893",2,5,3,2,43,3,2,3,0,1,10,1,1,7,0,2,1,1,3,1,3,1,4,4,4,4,4,3,1
"894",3,3,4,1,51,3,2,6,0,1,14,14,2,6,1,1,1,2,3,1,3,1,4,2,2,2,4,3,1
"895",2,4,5,1,60,4,1,5,0,1,3,13,1,3,2,3,2,3,3,2,2,2,3,3,3,3,3,3,1
"896",1,1,2,2,47,6,0,0,0,1,1,1,1,7,0,2,1,1,5,2,3,3,1,1,1,1,5,5,1
"897",2,2,2,2,42,4,2,0,0,1,4,4,1,5,2,3,1,2,4,3,3,3,2,2,2,2,4,4,1
"898",3,7,0,2,47,5,1,9,0,1,1,1,2,4,2,3,1,1,4,4,2,2,3,2,1,1,4,5,1
"899",3,2,6,2,34,3,2,9,0,1,10,8,2,7,0,6,1,2,3,5,2,4,2,2,2,2,3,3,1
"900",1,1,2,1,70,4,2,0,0,1,8,1,1,7,0,4,1,1,4,5,3,2,3,3,2,4,4,4,1
"901",2,4,4,2,30,4,2,5,0,1,14,14,2,7,0,2,1,1,4,5,2,2,2,3,2,1,2,2,1
"902",3,5,3,2,38,5,1,2,0,1,10,10,2,8,0,3,1,1,3,1,2,3,2,1,1,1,5,4,1
"903",2,3,3,1,51,5,1,0,0,1,2,2,1,7,0,3,2,1,4,1,2,2,4,3,3,3,4,4,1
"904",4,3,3,1,39,4,2,1,0,1,14,14,2,7,0,3,1,3,4,1,3,1,1,1,1,1,5,3,1
"905",4,7,0,2,26,4,1,0,0,1,5,5,3,7,0,3,1,3,4,2,3,1,2,1,1,1,4,2,1
"906",2,5,2,1,30,4,2,2,0,1,6,6,1,3,2,3,1,1,3,2,2,3,2,2,2,2,4,3,1
"907",3,6,8,1,44,4,2,3,0,1,9,9,2,3,1,2,1,1,3,4,2,2,3,4,3,3,3,4,1
"908",1,1,3,1,62,3,2,4,0,1,14,14,1,1,1,5,1,1,3,4,3,2,3,1,1,1,5,5,1
"909",3,2,7,2,32,4,2,0,0,1,3,1,2,3,1,1,2,1,4,4,2,3,1,3,1,1,1,1,1
"910",3,3,2,2,47,5,1,2,0,1,13,3,2,3,1,1,1,1,2,4,3,2,4,3,1,2,4,5,1
"911",2,5,0,1,41,6,0,0,0,1,6,6,2,7,0,3,1,1,1,1,3,3,5,5,5,5,5,5,1
"912",3,2,2,1,61,3,2,2,0,1,4,15,2,7,0,4,1,1,5,3,1,2,2,2,2,2,5,5,1
"913",2,4,0,2,52,4,2,0,0,1,3,3,1,7,0,2,2,2,4,1,3,2,5,5,5,5,5,5,1
"914",2,3,2,1,59,4,2,4,0,1,14,1,1,7,0,4,1,1,3,2,1,2,3,3,3,3,3,3,1
"915",4,5,4,2,26,3,2,9,0,1,2,2,3,3,2,2,2,1,3,5,3,4,2,1,1,1,5,5,1
"916",4,6,2,1,42,3,2,9,0,1,9,9,3,8,0,6,1,4,4,5,1,3,3,3,3,3,3,3,1
"917",4,2,7,1,61,4,2,0,0,1,1,1,1,3,2,3,3,1,4,5,3,3,3,4,4,4,4,4,1
"918",3,2,10,2,41,4,2,0,0,1,1,1,1,1,1,1,1,1,4,1,2,1,1,1,1,1,1,5,1
"919",3,3,4,1,64,4,2,3,0,1,14,14,2,3,1,3,1,1,4,2,2,2,1,1,1,1,5,5,1
"920",3,2,3,2,52,5,1,2,0,1,8,11,1,6,2,3,1,2,4,2,3,3,4,3,2,2,2,3,1
"921",2,4,2,2,26,4,2,2,0,1,3,3,2,7,0,2,2,1,1,4,2,3,3,3,2,2,4,4,1
"922",3,3,2,2,27,4,2,5,0,1,13,13,3,8,0,6,1,3,4,5,2,2,5,3,3,3,3,3,1
"923",2,3,0,2,32,3,1,9,0,1,7,7,1,1,2,3,1,1,4,5,4,3,1,1,1,1,1,1,1
"924",1,1,3,1,33,4,1,3,0,1,1,1,1,7,0,2,1,1,3,1,2,2,3,2,2,1,4,3,1
"925",2,3,5,1,63,4,2,0,0,1,2,2,1,1,1,4,1,1,4,1,3,3,4,3,3,3,4,4,1
"926",1,1,5,1,56,4,1,4,0,1,15,15,1,1,1,2,1,1,4,1,3,3,4,1,1,1,3,2,1
"927",2,3,0,1,66,5,1,0,0,1,2,2,1,7,0,4,1,1,4,1,2,1,3,2,3,2,3,4,1
"928",2,4,2,2,64,4,2,3,0,1,3,3,1,7,0,3,1,1,2,2,2,3,3,2,1,1,3,3,1
"929",1,1,3,1,50,4,1,3,0,1,1,12,1,7,0,2,1,1,3,2,4,4,5,4,1,2,5,4,1
"930",2,3,3,1,51,3,2,2,0,1,2,12,1,3,1,1,1,1,3,4,2,4,4,3,3,3,4,4,1
"931",3,2,4,2,68,4,2,5,0,1,8,8,2,7,0,3,2,1,4,5,3,2,3,4,3,2,3,4,1
"932",3,6,3,1,41,4,2,4,0,1,15,15,2,7,0,2,1,3,4,5,3,3,3,2,2,1,5,5,1
"933",1,1,3,1,58,5,1,0,0,1,1,8,1,3,2,3,2,1,4,5,3,2,1,3,3,4,1,4,1
"934",2,3,3,2,40,4,1,3,0,1,2,2,1,1,2,5,1,1,4,1,3,3,1,1,1,1,4,5,1
"935",3,2,1,2,48,4,1,0,0,1,1,1,1,3,1,2,1,1,4,1,2,2,4,4,1,1,2,3,1
"936",4,6,2,1,45,5,1,2,0,1,15,8,3,3,1,3,1,1,4,1,3,2,3,3,3,3,3,4,1
"937",1,1,11,1,49,4,2,1,0,1,1,1,1,7,0,3,2,2,2,1,3,3,4,3,2,2,4,4,1
"938",4,2,9,2,43,4,2,1,0,1,8,8,3,2,1,2,1,2,3,2,2,3,3,3,4,3,3,3,1
"939",4,7,2,1,52,4,2,0,0,1,8,1,3,3,1,2,2,1,3,2,2,1,4,3,3,2,4,4,1
"940",3,6,2,1,44,4,1,3,0,1,9,9,3,8,0,3,1,3,3,2,1,2,4,4,4,1,4,5,1
"941",2,5,0,2,45,6,0,0,0,1,9,6,1,8,0,3,2,3,5,4,2,3,3,3,3,3,2,2,1
"942",3,5,3,2,31,4,2,0,0,1,10,10,2,3,1,3,2,1,4,5,3,2,3,3,3,3,4,3,1
"943",1,1,1,2,48,3,2,4,0,1,12,5,1,3,1,3,2,1,5,4,1,3,3,4,4,4,4,5,1
"944",2,3,9,1,51,4,2,1,0,1,7,13,1,7,0,3,1,1,4,1,2,1,4,3,3,3,4,3,1
"945",1,1,2,2,51,5,1,2,0,1,1,1,1,7,0,5,2,2,3,1,3,1,3,3,3,3,4,4,1
"946",3,2,11,2,45,3,2,0,0,1,8,1,2,7,0,3,1,1,5,2,3,2,3,3,3,3,3,3,1
"947",3,6,2,1,26,4,1,0,0,1,15,15,2,7,0,3,1,1,5,3,2,2,4,2,1,3,4,4,1
"948",3,2,5,2,21,4,1,0,0,1,1,8,2,3,2,3,2,4,1,3,2,2,3,2,1,3,4,4,1
"949",2,5,1,2,55,4,1,0,0,1,3,1,1,7,0,4,1,1,4,3,4,3,3,2,1,1,3,3,1
"950",1,1,2,2,32,3,2,0,0,1,12,8,2,7,0,2,2,1,1,4,4,4,2,2,2,2,2,3,1
"951",2,7,4,2,35,4,2,3,0,1,12,12,1,7,0,3,1,1,4,4,3,4,3,1,1,1,1,3,1
"952",1,1,4,1,52,3,2,4,0,1,1,1,1,1,1,4,1,1,3,4,4,4,3,2,1,2,4,4,1
"953",3,5,4,1,44,3,2,4,0,1,1,1,2,3,1,2,1,1,3,4,2,1,3,3,3,3,3,3,1
"954",3,6,4,2,38,4,2,2,0,1,15,15,2,7,0,2,1,1,3,5,2,2,4,4,2,2,4,4,1
"955",2,5,4,2,61,4,2,0,0,1,15,2,2,7,0,3,1,4,5,5,4,2,1,1,1,1,1,1,1
"956",2,3,1,2,57,4,1,4,0,1,14,2,1,7,0,3,2,4,3,1,2,1,3,3,3,3,3,3,1
"957",1,1,6,2,65,5,1,0,0,1,11,1,1,3,1,2,2,1,3,5,2,1,4,3,4,3,4,5,1
"958",2,4,0,2,42,5,1,0,0,1,3,3,1,5,1,1,1,2,5,5,3,2,2,2,2,2,4,3,1
"959",3,7,2,2,63,2,2,4,0,1,16,12,3,3,1,2,3,3,3,3,2,2,3,3,1,3,3,1,1
"960",2,2,4,2,49,4,2,0,0,1,10,1,1,7,0,2,1,1,3,4,3,2,4,5,2,4,4,4,1
"961",2,5,2,2,45,5,1,2,0,1,15,6,1,3,2,2,2,3,3,1,2,2,5,4,2,2,3,2,1
"962",4,2,11,1,37,4,2,1,0,1,16,13,2,7,0,3,1,2,4,2,2,2,2,2,2,2,2,2,1
"963",3,6,10,2,48,5,1,3,0,1,11,1,2,7,0,4,1,2,3,4,3,3,4,3,2,3,4,4,1
"964",2,3,6,1,70,4,2,6,0,1,7,13,1,4,2,3,1,1,3,5,3,2,3,2,2,2,4,4,1
"965",3,2,4,2,43,3,2,0,0,1,11,8,2,8,0,3,1,3,3,5,2,2,3,3,3,3,3,3,1
"966",2,5,5,2,51,6,0,0,0,1,11,11,1,3,2,1,1,1,4,5,1,1,3,2,2,3,3,2,1
"967",3,3,6,1,43,3,2,4,0,1,10,9,3,8,0,6,3,1,5,5,2,2,3,3,3,3,3,3,1
"968",3,2,2,2,55,3,2,2,0,1,1,1,1,3,2,2,1,1,5,1,3,3,3,1,1,3,1,5,1
"969",2,5,6,2,50,4,2,2,0,1,3,7,2,4,1,3,1,3,3,1,2,1,4,2,2,3,4,4,1
"970",3,2,3,2,50,4,1,1,0,1,10,10,2,7,0,4,1,3,1,3,2,3,4,4,4,2,3,4,1
"971",2,3,8,2,27,4,2,3,0,1,2,2,1,3,2,2,1,2,3,3,2,1,2,2,3,1,3,4,1
"972",2,2,6,1,37,4,2,5,0,1,8,1,1,5,1,1,2,1,3,3,3,2,5,4,4,4,5,5,1
"973",1,1,0,2,59,3,2,0,0,1,9,9,2,1,2,3,1,4,4,3,3,2,1,3,3,3,3,3,1
"974",3,6,4,1,23,4,1,0,0,1,9,9,2,2,2,4,1,1,2,4,3,3,2,2,2,2,3,3,1
"975",2,2,2,2,65,6,0,0,0,1,13,15,1,3,1,3,1,1,3,5,3,3,3,3,3,2,3,5,1
"976",1,1,3,2,35,2,2,0,0,1,9,1,1,7,0,2,1,1,1,5,2,1,3,1,1,1,5,5,1
"977",2,4,2,2,49,3,2,2,0,1,3,3,1,8,0,3,1,3,3,5,3,2,3,2,3,1,4,4,1
"978",3,2,2,2,59,3,2,5,0,1,3,3,2,7,0,2,2,1,3,5,3,3,3,3,3,3,3,3,1
"979",3,2,7,1,43,4,2,7,0,1,12,12,2,3,1,2,1,1,3,3,2,3,2,4,4,3,3,4,1
"980",3,7,4,1,48,4,2,3,0,1,5,5,2,3,1,1,1,1,3,3,3,3,1,1,1,1,5,5,1
"981",2,3,8,2,45,4,2,0,0,1,13,2,1,3,2,2,1,1,3,4,3,3,4,3,3,2,3,5,1
"982",3,6,4,1,41,4,2,3,0,1,10,10,2,3,2,2,1,1,4,4,2,2,4,4,4,4,5,5,1
"983",4,7,0,1,41,6,0,3,0,1,12,12,3,8,0,1,2,4,4,4,2,2,3,2,2,4,2,4,1
"984",3,3,4,1,40,4,1,0,0,1,1,1,1,7,0,2,1,3,3,4,3,2,5,1,5,5,5,5,1
"985",2,4,2,2,26,4,1,0,0,1,13,3,1,7,0,3,1,4,5,5,2,2,3,4,2,3,4,3,1
"986",1,1,10,1,25,3,2,0,0,1,14,14,2,3,1,1,2,1,5,5,4,3,5,5,5,5,5,5,1
"987",3,5,1,1,49,4,2,2,0,1,12,12,1,7,0,4,1,1,3,1,3,3,1,1,2,3,5,5,1
"988",3,2,0,2,39,1,2,9,0,1,13,8,2,7,0,6,2,1,5,1,1,2,5,5,5,5,5,5,1
"989",1,1,7,1,36,4,2,3,0,1,2,2,1,1,1,4,1,3,4,2,1,3,3,4,2,3,4,4,1
"990",1,1,0,2,52,2,2,0,0,1,1,1,1,3,1,3,2,1,3,3,1,1,3,3,4,4,5,5,1
"991",3,5,6,1,32,4,1,3,0,1,10,10,2,3,1,3,1,1,3,3,3,2,2,1,1,1,5,5,1
"992",3,6,3,1,36,6,0,5,0,1,11,11,2,3,2,3,1,2,4,1,3,1,5,1,1,5,5,5,1
"993",1,1,8,1,32,4,2,1,0,1,12,1,1,3,1,3,1,1,3,2,1,2,4,4,1,4,4,4,1
"994",2,7,3,1,35,3,2,5,0,1,5,5,1,3,1,6,2,4,2,2,1,1,3,3,3,3,3,3,1
"995",4,2,2,2,48,2,2,0,0,1,8,1,2,4,1,4,3,2,3,2,3,2,3,3,3,3,5,5,1
"996",1,1,6,2,38,3,2,2,0,1,4,4,1,3,2,2,1,1,3,3,3,2,2,1,1,1,5,5,1
"997",3,6,6,2,35,3,2,4,0,1,9,9,2,4,2,2,1,3,3,3,3,2,4,4,2,4,4,3,1
"998",3,2,5,1,48,3,2,3,0,1,8,1,2,4,2,2,3,1,2,4,2,3,4,2,2,3,4,3,1
"999",3,2,3,2,26,4,1,0,0,1,1,8,2,3,1,2,2,2,5,5,2,2,4,4,2,3,3,3,1
"1000",3,2,1,2,57,4,2,0,0,1,9,1,2,7,0,2,1,2,4,5,3,3,3,3,3,2,2,2,1
"1001",3,7,3,1,29,4,1,7,0,1,11,11,2,3,2,3,2,3,5,5,4,4,3,3,3,3,3,3,1
"1002",3,7,5,1,41,3,2,3,0,1,11,11,2,3,2,3,2,1,3,5,2,2,4,2,4,3,4,5,1
"1003",4,7,2,1,25,1,2,5,0,1,11,11,3,8,0,6,2,1,1,5,1,1,3,3,3,3,3,3,1
"1004",3,5,0,2,56,6,0,9,0,1,9,9,2,7,0,3,1,1,5,5,1,2,3,1,3,3,3,3,1
"1005",2,3,4,1,51,3,2,0,0,1,2,2,1,8,0,2,1,3,5,5,3,1,5,1,1,1,5,5,1
"1006",1,1,4,1,39,4,1,5,0,1,1,1,1,3,1,2,1,1,3,1,2,2,4,2,1,1,4,3,1
"1007",3,3,4,1,47,3,2,3,0,1,14,7,2,3,2,3,1,1,3,1,1,1,3,2,4,4,4,4,1
"1008",2,7,6,2,38,4,2,3,0,1,5,1,1,3,1,3,2,3,5,2,2,1,1,1,1,1,1,2,1
"1009",2,2,2,2,70,3,2,0,0,1,4,4,1,6,2,6,1,1,4,2,2,2,3,2,1,3,3,3,1
"1010",4,3,6,1,59,4,2,4,0,1,14,14,3,7,0,5,1,1,4,2,4,4,3,3,3,3,3,3,1
"1011",2,3,6,1,41,4,1,3,0,1,3,3,1,7,0,4,1,1,4,3,2,3,3,2,2,2,4,5,1
"1012",2,4,7,2,40,4,2,0,0,1,3,3,1,7,0,3,1,1,3,4,3,4,4,3,3,3,3,3,1
"1013",3,5,0,2,20,3,1,0,0,1,10,6,2,8,0,6,1,2,4,4,2,1,3,2,4,2,4,4,1
"1014",3,2,1,1,61,4,2,5,0,1,1,1,2,1,1,5,1,1,3,5,2,1,3,2,2,3,3,4,1
"1015",1,1,1,2,52,1,2,9,0,1,10,1,1,7,0,6,1,3,3,5,3,2,3,3,3,3,3,3,1
"1016",1,1,4,2,50,3,2,0,0,1,9,9,3,7,0,4,1,1,4,1,2,2,3,2,1,1,4,4,1
"1017",3,7,3,1,63,5,1,2,0,1,11,11,2,3,1,1,1,2,3,1,2,3,1,1,1,5,5,5,1
"1018",3,7,4,1,57,5,1,2,0,1,11,8,2,7,0,4,1,1,3,2,2,2,4,3,4,3,4,3,1
"1019",3,7,3,1,36,3,1,5,0,1,11,11,2,3,1,1,1,4,3,2,3,3,3,5,5,2,5,5,1
"1020",3,6,6,2,24,4,1,0,0,1,15,15,2,3,1,1,1,1,4,3,2,2,2,2,2,2,4,4,1
"1021",3,7,0,2,44,6,0,0,0,1,11,11,2,3,1,3,2,4,4,3,2,2,3,3,3,3,3,3,1
"1022",3,2,2,2,46,5,1,0,0,1,11,8,2,7,0,6,2,1,5,4,2,2,3,3,3,3,3,3,1
"1023",2,2,4,2,37,3,2,0,0,1,8,8,2,8,0,6,1,1,4,4,2,3,3,3,2,2,3,3,1
"1024",3,7,3,2,46,5,1,2,0,1,11,11,2,3,1,3,3,3,4,4,3,3,4,4,1,3,5,4,1
"1025",3,2,0,2,35,3,1,9,0,1,8,1,2,3,1,3,2,3,5,4,2,1,4,3,3,1,3,4,1
"1026",4,5,6,2,50,4,2,0,0,1,13,1,3,7,0,2,1,3,4,5,3,4,2,2,2,1,5,5,1
"1027",4,7,3,1,54,4,2,6,0,1,12,12,3,7,0,3,1,1,1,1,3,2,3,2,2,3,4,4,1
"1028",4,5,4,2,50,3,2,0,0,1,10,10,3,7,0,4,1,2,3,1,2,3,3,3,3,3,3,1,1
"1029",1,1,5,1,47,3,2,5,0,1,1,8,1,3,2,2,1,2,3,2,1,2,4,4,2,2,4,5,1
"1030",2,2,4,2,35,3,2,0,0,1,11,1,1,3,2,3,1,3,3,3,2,2,3,1,1,1,3,5,1
"1031",3,3,1,1,52,3,2,6,0,1,13,3,1,8,0,4,1,4,3,5,2,2,2,2,3,2,4,2,1
"1032",3,5,2,1,59,4,1,1,0,1,10,10,2,7,0,4,1,1,3,5,3,2,2,1,1,1,1,1,1
"1033",2,2,1,1,53,2,2,0,0,1,1,1,1,3,2,3,2,1,3,5,2,2,3,3,2,3,3,3,1
"1034",2,3,3,1,61,4,2,0,0,1,14,2,1,4,1,2,2,1,3,2,3,2,4,4,4,4,4,4,1
"1035",1,1,3,2,53,3,2,0,0,1,1,1,1,7,0,3,1,2,4,3,3,4,2,2,2,2,3,3,1
"1036",3,2,7,2,21,4,1,0,0,1,8,8,2,3,2,3,2,4,4,3,2,1,3,3,3,2,3,4,1
"1037",3,7,6,2,34,4,2,3,0,1,16,15,2,3,2,2,2,1,3,4,2,3,3,3,3,4,4,3,1
"1038",3,7,6,1,41,4,2,3,0,1,2,14,2,7,0,3,2,4,4,4,3,3,3,1,2,2,4,4,1
"1039",2,3,4,1,38,4,2,3,0,1,2,11,1,3,2,2,1,1,4,4,2,2,3,2,2,2,3,3,1
"1040",1,1,7,1,30,4,2,2,0,1,16,16,1,7,0,3,1,1,2,4,3,3,3,2,2,2,5,4,1
"1041",3,7,11,1,31,5,1,0,0,1,11,6,2,3,1,1,1,3,4,4,1,1,4,1,1,2,5,4,1
"1042",3,3,7,2,21,4,1,0,0,1,15,13,2,7,0,2,2,1,4,5,2,2,4,3,1,4,4,4,1
"1043",4,2,4,2,39,4,2,0,0,1,8,8,3,8,0,3,3,1,4,5,1,2,3,3,2,4,4,5,1
"1044",3,7,4,2,41,3,2,0,0,1,11,11,2,7,0,2,1,1,4,1,2,2,3,1,1,1,1,5,1
"1045",3,2,0,2,34,2,2,9,0,1,8,1,2,8,0,6,1,2,1,1,2,2,3,3,3,3,3,3,1
"1046",2,3,0,1,43,4,2,0,0,1,2,2,1,8,0,3,2,1,3,1,2,2,3,3,2,2,3,4,1
"1047",4,6,5,2,48,3,1,9,0,1,9,9,3,8,0,2,3,3,4,2,3,3,3,3,3,3,4,4,1
"1048",3,6,2,2,36,3,2,0,0,1,9,9,2,3,2,3,2,2,4,3,3,4,3,1,1,1,1,1,1
"1049",3,5,6,2,33,3,2,9,0,1,10,10,2,5,1,2,1,1,3,4,2,4,3,3,3,3,3,3,1
"1050",2,4,4,1,53,3,2,0,0,1,3,3,1,3,1,1,1,1,3,4,1,1,3,2,4,3,4,2,1
"1051",3,6,2,1,37,6,0,4,0,1,15,15,2,4,1,2,1,3,4,4,3,4,2,2,2,2,4,4,1
"1052",3,2,0,2,58,4,1,3,0,1,15,15,1,7,0,2,2,1,2,1,3,3,3,1,2,3,4,5,1
"1053",3,6,3,1,36,3,2,4,0,1,12,8,2,3,1,3,1,2,4,2,2,3,5,3,3,3,1,1,1
"1054",3,2,3,1,56,5,1,0,0,1,8,11,2,3,2,3,2,1,4,3,2,2,3,3,3,3,4,4,1
"1055",3,3,4,2,40,3,2,4,0,1,9,14,2,3,1,2,2,3,4,3,1,1,3,2,2,2,2,3,1
"1056",2,2,6,2,51,3,2,3,0,1,4,11,3,3,2,2,1,1,4,4,3,2,2,1,1,2,5,5,1
"1057",2,2,3,2,56,4,2,3,0,1,13,13,1,1,1,4,1,1,3,4,2,2,3,3,3,3,2,3,1
"1058",3,7,3,2,28,4,2,3,0,1,12,12,2,3,1,2,1,1,4,4,3,2,4,3,1,3,4,4,1
"1059",4,2,3,2,44,4,2,0,0,1,8,8,3,8,0,1,1,1,2,4,3,3,3,3,3,3,3,3,1
"1060",3,2,0,2,57,1,2,9,0,1,11,11,2,7,0,2,1,1,3,4,3,4,3,3,2,2,3,4,1
"1061",3,6,0,2,52,4,2,0,0,1,11,15,2,2,2,2,2,1,3,5,3,3,3,3,4,4,5,3,1
"1062",3,2,10,1,24,4,1,0,0,1,1,1,2,3,1,1,1,3,3,5,3,2,3,2,2,2,3,3,1
"1063",2,7,0,2,32,2,2,9,0,1,11,11,1,7,0,6,3,2,4,1,3,2,3,2,3,4,3,4,1
"1064",1,1,0,1,45,3,1,0,0,1,1,1,1,7,0,6,4,3,4,1,3,2,5,5,1,3,5,5,1
"1065",2,3,2,1,51,3,2,0,0,1,2,13,1,7,0,4,1,1,4,1,3,2,3,3,3,3,3,3,1
"1066",2,5,2,2,31,3,1,0,0,1,10,6,1,1,2,4,1,1,3,1,2,1,3,3,3,4,4,4,1
"1067",3,2,0,2,20,3,1,0,0,1,12,8,2,8,0,2,1,1,4,2,3,1,1,1,1,2,4,2,1
"1068",1,1,7,2,27,4,1,0,0,1,4,4,1,7,0,2,1,1,5,4,2,4,4,2,2,2,4,3,1
"1069",3,2,1,2,24,3,1,0,0,1,8,8,2,7,0,2,1,1,3,4,2,1,4,4,4,3,3,3,1
"1070",3,6,4,2,26,4,2,2,0,1,15,15,2,3,2,2,2,4,4,4,3,4,2,3,1,3,4,4,1
"1071",3,3,5,1,23,4,1,0,0,1,14,14,2,7,0,2,1,3,4,5,2,3,4,3,3,3,3,4,1
"1072",3,5,11,1,35,4,2,0,0,1,8,8,2,3,1,2,1,1,3,1,3,2,4,4,4,2,4,3,1
"1073",2,4,10,2,42,4,2,2,0,1,5,3,1,7,0,6,3,1,3,1,2,3,3,3,2,2,3,3,1
"1074",2,5,2,1,25,4,1,0,0,1,10,10,1,4,2,2,1,3,5,2,3,3,4,4,3,4,3,3,1
"1075",3,3,2,2,30,2,2,5,0,1,13,13,2,3,2,3,2,3,5,4,2,3,3,4,3,3,3,3,1
"1076",1,1,0,1,59,4,2,0,0,1,1,1,1,4,1,5,1,1,4,5,1,1,3,3,3,3,3,3,1
"1077",3,2,9,1,56,4,2,0,0,1,10,10,2,7,0,4,1,1,4,1,1,1,3,3,3,3,3,3,1
"1078",2,4,4,1,24,4,1,0,0,1,9,3,1,7,0,6,1,3,5,2,3,3,4,4,2,2,4,4,1
"1079",3,6,4,2,32,3,2,3,0,1,14,14,2,7,0,3,1,1,5,3,3,3,1,1,1,1,5,5,1
"1080",2,4,1,2,44,5,1,2,0,1,3,3,1,3,1,2,1,1,3,3,3,2,5,1,1,5,5,5,1
"1081",2,7,5,1,41,4,2,4,0,1,5,5,1,3,1,1,1,1,3,5,3,4,4,2,2,3,3,3,1
"1082",1,1,4,2,23,4,1,0,0,1,1,4,1,7,0,2,1,3,1,3,3,3,1,1,1,1,5,4,1
"1083",3,3,2,1,51,3,2,4,0,1,13,13,2,7,0,3,1,2,2,4,2,2,3,3,3,3,3,3,1
"1084",3,7,4,1,44,3,2,0,0,1,11,11,2,7,0,3,1,1,3,1,2,3,4,3,4,5,5,4,1
"1085",3,2,5,2,54,4,1,3,0,1,15,1,2,1,2,5,1,1,3,1,2,2,4,4,4,4,4,4,1
"1086",4,6,1,1,45,3,2,4,0,1,1,8,2,7,0,3,3,4,3,2,3,3,3,3,3,3,3,3,1
"1087",3,3,2,1,71,3,1,0,0,1,13,13,2,3,1,2,1,4,4,2,2,3,2,2,1,1,4,4,1
"1088",3,2,6,1,41,3,2,3,0,1,1,8,2,3,1,2,1,1,3,2,3,3,3,3,3,3,2,2,1
"1089",2,3,4,2,37,4,2,2,0,1,2,2,1,3,1,2,3,4,1,3,2,3,3,3,3,3,3,3,1
"1090",3,2,4,2,22,4,1,0,0,1,1,1,2,3,1,3,2,2,1,4,3,1,3,3,3,4,4,5,1
"1091",2,3,4,2,36,4,2,3,0,1,2,2,1,5,2,2,1,2,4,5,4,4,3,4,3,2,2,4,1
"1092",4,2,5,2,29,4,2,2,0,1,8,8,3,3,1,2,1,3,3,4,2,3,4,2,2,3,4,4,1
"1093",2,4,8,2,53,4,2,5,0,1,3,3,1,7,0,2,1,1,4,1,3,2,3,1,2,3,3,4,1
"1094",1,1,1,1,67,4,2,0,0,1,1,1,1,7,0,5,1,1,4,1,2,1,3,4,4,4,4,4,1
"1095",1,1,2,1,57,3,2,4,0,1,11,11,3,7,0,3,1,3,4,2,2,2,1,2,2,3,3,4,1
"1096",2,3,0,2,33,1,1,9,0,1,2,2,1,3,2,6,2,1,4,2,1,3,4,3,3,3,4,3,1
"1097",3,6,6,1,43,4,2,3,0,1,9,1,2,7,0,2,1,1,4,3,2,3,3,2,1,1,4,5,1
"1098",3,6,5,2,30,2,2,0,0,1,13,3,1,7,0,3,4,1,5,3,2,3,4,5,5,5,5,5,1
"1099",1,1,3,1,59,3,2,3,0,1,13,2,2,8,0,4,1,3,5,4,4,4,4,4,3,3,4,4,1
"1100",1,1,4,2,51,5,1,0,0,1,1,1,1,3,1,1,2,4,4,4,4,4,5,5,5,5,4,4,1
"1101",3,6,1,2,40,3,1,9,0,1,15,15,2,7,0,3,2,3,1,5,1,2,3,3,3,3,3,3,1
"1102",2,4,3,2,48,5,1,0,0,1,3,3,1,3,2,3,1,1,4,1,3,2,4,3,3,3,3,3,1
"1103",1,1,5,1,44,3,1,3,0,1,1,1,1,1,1,4,1,1,4,3,3,3,3,2,3,3,3,3,1
"1104",2,7,7,1,50,5,1,3,0,1,12,12,1,3,1,2,2,1,3,3,2,3,5,1,1,1,5,5,1
"1105",3,6,3,1,45,3,2,4,0,1,8,15,2,3,1,2,2,1,3,4,2,1,3,2,1,2,5,4,1
"1106",3,2,4,2,46,3,2,5,0,1,8,1,2,1,1,4,1,1,5,4,1,1,2,2,2,2,3,3,1
"1107",2,3,4,1,49,4,1,3,0,1,13,7,1,8,0,4,1,3,4,4,4,4,3,3,3,3,3,3,1
"1108",1,1,3,1,42,3,2,4,0,1,12,1,1,3,1,3,1,1,3,5,3,2,3,2,2,2,3,3,1
"1109",1,1,3,1,29,4,2,4,0,1,5,5,1,3,1,3,2,1,3,5,1,2,3,3,3,3,3,3,1
"1110",3,5,1,1,39,3,2,0,0,1,6,6,2,7,0,3,1,3,5,5,1,4,3,1,1,1,5,5,1
"1111",3,5,8,2,37,4,2,1,0,1,10,10,2,3,1,1,2,1,3,1,2,2,3,2,1,2,3,3,1
"1112",4,6,2,2,32,2,2,3,0,1,1,1,3,7,0,3,2,1,5,2,1,1,3,3,1,1,3,2,1
"1113",3,3,5,1,57,5,1,2,0,1,14,14,2,3,2,1,1,1,4,2,2,3,4,4,4,3,3,4,1
"1114",2,3,3,1,46,3,2,4,0,1,2,2,1,7,0,3,2,1,4,2,2,1,4,1,1,4,5,5,1
"1115",3,2,3,2,67,4,2,3,0,1,11,11,2,3,1,2,1,3,3,4,2,4,3,3,3,3,4,4,1
"1116",3,6,2,2,62,2,2,0,0,1,9,1,2,7,0,6,1,3,1,5,1,1,3,2,2,5,3,3,1
"1117",2,2,4,2,28,3,2,5,0,1,4,4,1,7,0,2,2,1,1,5,3,3,4,3,3,3,3,4,1
"1118",3,6,11,2,44,4,2,0,0,1,15,15,2,3,1,1,2,1,3,1,2,3,3,2,1,1,5,5,1
"1119",1,1,3,2,59,2,2,0,0,1,8,8,3,3,1,4,2,4,5,1,2,3,3,3,1,2,3,4,1
"1120",1,1,1,2,58,4,2,0,0,1,1,1,1,4,2,3,1,1,3,1,2,1,3,3,3,3,4,4,1
"1121",2,4,0,2,28,2,2,9,0,1,3,3,1,7,0,3,1,2,5,1,2,2,5,2,1,1,5,5,1
"1122",3,2,11,2,50,4,2,5,0,1,1,11,1,7,0,3,2,1,4,3,2,1,4,3,4,2,4,4,1
"1123",3,2,4,2,48,3,1,5,0,1,12,1,1,3,1,2,2,1,2,4,3,2,3,3,3,4,4,3,1
"1124",1,1,3,2,60,5,1,0,0,1,1,1,1,4,2,3,1,2,3,5,2,3,3,3,3,3,4,4,1
"1125",4,5,4,1,46,4,2,3,0,1,10,10,3,3,2,2,1,1,3,1,2,2,4,3,3,3,3,3,1
"1126",3,5,0,2,57,4,2,0,0,1,10,10,2,7,0,2,2,1,4,1,3,1,3,2,1,2,3,3,1
"1127",3,3,5,1,55,5,1,3,0,1,14,14,1,8,0,4,1,1,4,1,3,3,3,3,2,3,3,3,1
"1128",2,5,0,2,67,1,2,9,0,1,6,6,1,3,1,3,1,2,4,3,2,2,2,2,2,2,4,4,1
"1129",4,7,1,2,48,4,2,0,0,1,12,12,3,8,0,6,1,3,3,4,3,2,3,3,3,3,3,3,1
"1130",3,2,4,1,58,5,1,1,0,1,8,8,2,7,0,2,1,1,3,5,2,2,4,4,4,4,4,4,1
"1131",1,1,1,2,57,4,2,0,0,1,10,10,1,7,0,4,1,3,3,5,2,3,3,3,3,3,4,4,1
"1132",1,1,8,1,43,3,2,0,0,1,11,1,1,7,0,1,1,2,4,5,2,3,4,2,1,4,4,4,1
"1133",2,4,1,2,61,1,2,4,0,1,15,3,1,3,2,2,1,1,3,1,2,2,4,2,2,3,4,4,1
"1134",2,2,2,1,56,3,2,5,0,1,14,2,1,8,0,2,1,1,3,2,2,3,4,3,4,3,4,4,1
"1135",2,5,3,2,44,4,2,5,0,1,9,9,1,6,2,2,1,3,3,2,1,3,3,4,2,2,4,4,1
"1136",3,6,2,2,45,5,1,2,0,1,3,3,2,7,0,3,1,1,3,3,3,4,4,4,3,3,4,4,1
"1137",3,6,5,1,53,4,2,5,0,1,15,15,2,7,0,2,1,1,4,3,1,2,3,3,3,3,3,3,1
"1138",3,5,0,2,20,3,1,0,0,1,13,13,1,8,0,3,1,3,3,3,2,2,4,3,3,3,3,3,1
"1139",4,3,2,2,35,4,2,0,0,1,10,1,1,7,0,2,1,3,5,5,1,3,3,3,3,3,3,3,1
"1140",3,7,0,2,47,4,2,0,0,1,5,5,1,3,1,2,1,1,2,5,2,2,3,3,2,2,3,3,1
"1141",3,2,3,2,51,5,1,1,0,1,8,14,2,3,2,3,2,1,3,5,3,2,3,3,3,3,2,4,1
"1142",3,5,6,1,36,4,2,3,0,1,6,6,1,3,1,2,1,3,4,5,1,1,3,3,4,3,3,3,1
"1143",1,1,2,2,40,3,1,0,0,1,1,1,2,7,0,1,2,1,3,1,2,2,5,5,3,5,5,5,1
"1144",3,6,8,1,23,4,1,0,0,1,11,11,2,3,1,2,1,1,3,2,2,3,4,2,2,2,4,4,1
"1145",3,3,10,1,49,3,2,1,0,1,13,13,2,1,1,1,1,3,3,2,3,1,3,3,3,2,4,3,1
"1146",3,7,5,1,56,3,2,4,0,1,11,1,2,7,0,2,1,1,4,2,1,2,4,2,2,2,4,4,1
"1147",3,2,3,1,52,5,1,1,0,1,1,1,2,2,2,5,1,1,3,3,2,2,3,4,4,4,4,4,1
"1148",2,2,3,1,54,3,2,5,0,1,1,1,1,7,0,4,1,1,4,3,3,2,3,4,4,3,3,3,1
"1149",3,3,7,1,47,4,2,3,0,1,14,2,2,3,2,3,1,1,3,3,2,3,3,3,3,3,3,3,1
"1150",1,1,2,1,37,4,2,4,0,1,1,1,1,7,0,2,2,2,4,3,3,3,3,3,3,3,3,3,1
"1151",3,2,3,2,59,2,2,0,0,1,8,8,2,3,1,3,2,2,4,4,2,2,3,4,3,3,4,4,1
"1152",2,5,3,2,57,5,1,2,0,1,6,6,1,7,0,3,1,3,5,4,1,2,3,2,2,4,4,4,1
"1153",2,5,4,1,34,4,1,7,0,1,6,5,1,7,0,3,1,2,4,4,3,3,4,4,2,2,4,4,1
"1154",2,5,10,1,45,4,2,0,0,1,9,9,1,7,0,1,2,3,4,5,3,3,4,4,4,4,2,4,1
"1155",1,1,3,1,32,3,1,1,0,1,14,14,1,3,1,3,1,3,4,1,2,3,4,3,3,4,4,4,1
"1156",1,1,2,1,57,5,1,1,0,1,10,10,1,3,2,3,1,1,4,2,3,2,3,2,3,3,4,4,1
"1157",3,2,11,1,35,4,2,2,0,1,3,1,1,3,2,4,1,1,3,3,3,3,4,4,1,2,4,4,1
"1158",2,3,0,1,57,4,2,0,0,1,13,2,1,5,2,3,2,1,3,3,3,3,2,2,2,2,4,4,1
"1159",2,4,4,1,40,4,2,5,0,1,3,3,1,8,0,6,1,2,5,4,2,2,3,2,2,2,2,3,1
"1160",3,5,2,2,31,6,0,0,0,1,6,10,2,3,1,2,2,3,4,4,2,2,2,2,2,3,4,5,1
"1161",3,7,3,1,52,3,2,4,0,1,16,16,2,7,0,2,1,1,4,4,3,3,2,2,2,4,4,4,1
"1162",2,5,2,2,25,4,1,2,0,1,11,11,2,3,2,3,1,3,4,4,2,3,3,3,3,2,3,3,1
"1163",3,5,8,1,34,3,2,0,0,1,6,6,1,7,0,2,2,1,3,1,3,1,3,3,3,3,3,4,1
"1164",3,2,7,1,46,4,1,3,0,1,1,1,1,7,0,3,2,3,3,1,3,2,2,3,3,3,3,1,1
"1165",3,7,2,1,41,4,2,4,0,1,11,5,1,4,2,2,2,1,4,2,2,2,3,2,2,3,2,3,1
"1166",4,7,11,1,24,4,2,2,0,1,12,12,1,8,0,3,1,1,3,2,3,2,2,1,1,2,5,4,1
"1167",3,2,3,1,58,3,2,0,0,1,12,12,2,7,0,2,1,1,3,2,3,3,3,3,3,3,2,2,1
"1168",3,7,4,2,42,3,2,4,0,1,11,11,2,8,0,6,2,2,4,3,1,3,1,1,1,1,1,1,1
"1169",3,6,11,1,37,4,2,5,0,1,9,9,2,7,0,2,2,2,3,3,3,3,4,4,4,3,3,3,1
"1170",1,1,3,2,71,4,2,0,0,1,1,1,1,7,0,3,1,1,3,5,1,2,3,3,3,3,3,3,1
"1171",3,2,3,1,46,3,2,4,0,1,8,3,2,3,1,1,2,4,5,1,2,2,3,2,2,2,1,5,1
"1172",3,6,3,2,27,4,2,0,0,1,15,15,2,3,1,2,2,1,4,2,2,1,3,3,2,2,4,3,1
"1173",4,3,10,2,36,4,2,0,0,1,13,13,2,3,2,2,1,1,3,3,3,2,1,2,1,1,4,4,1
"1174",2,5,4,1,56,3,2,4,0,1,12,6,1,7,0,6,1,1,3,3,3,2,4,4,3,3,3,4,1
"1175",3,2,3,1,45,4,2,5,0,1,10,1,1,3,1,2,1,3,3,3,4,2,3,3,3,3,4,2,1
"1176",1,1,8,2,46,4,2,2,0,1,9,15,1,3,1,1,1,1,3,2,2,2,4,4,2,4,4,4,1
"1177",2,3,3,2,36,4,2,0,0,1,14,14,2,7,0,2,1,3,4,3,3,3,4,3,2,3,3,3,1
"1178",2,7,5,1,47,4,2,3,0,1,5,12,1,3,1,2,1,1,3,3,3,2,4,2,2,2,3,3,1
"1179",2,4,0,1,67,3,2,3,0,1,3,3,1,7,0,3,1,4,5,4,3,3,1,1,1,1,3,3,1
"1180",2,7,1,2,53,4,2,3,0,1,12,12,3,3,1,6,2,1,4,4,2,3,3,3,3,3,3,3,1
"1181",2,5,5,1,48,4,2,2,0,1,10,10,1,3,1,1,2,1,3,5,3,2,3,1,1,1,1,1,1
"1182",2,4,2,2,48,3,2,2,0,1,3,3,1,7,0,3,1,3,3,5,2,2,3,4,3,3,4,3,1
"1183",2,2,3,2,38,3,1,0,0,1,4,4,1,3,1,3,2,2,2,1,3,3,3,3,3,3,3,3,1
"1184",1,1,3,1,60,5,1,1,0,1,9,1,1,3,2,4,1,3,1,3,3,3,3,2,2,2,4,4,1
"1185",3,2,0,2,46,6,0,9,0,1,2,1,2,7,0,3,1,1,3,3,3,2,4,4,3,3,3,3,1
"1186",3,2,4,2,51,5,1,2,0,1,9,1,2,3,1,2,1,1,4,4,2,3,3,3,3,3,3,3,1
"1187",3,6,6,1,46,4,2,1,0,1,13,13,3,1,1,4,1,1,3,4,2,3,5,5,1,5,5,5,1
"1188",2,5,2,1,30,4,2,0,0,1,9,6,1,7,0,3,1,3,4,4,4,4,4,4,4,4,4,4,1
"1189",2,7,0,2,34,6,0,0,0,1,5,5,1,8,0,6,2,3,3,5,1,1,3,3,3,3,3,3,1
"1190",3,6,4,1,37,4,2,3,0,1,9,9,2,5,1,2,1,1,4,5,3,3,5,5,5,2,5,4,1
"1191",3,6,3,2,42,3,2,3,0,1,12,15,2,3,1,2,1,1,3,5,3,2,4,1,1,1,4,4,1
"1192",4,5,5,1,45,3,2,0,0,1,16,1,3,3,1,3,2,1,4,1,3,3,3,3,3,3,3,3,1
"1193",3,6,4,2,27,3,2,3,0,1,10,9,2,3,2,2,2,1,3,1,2,1,3,2,2,1,3,4,1
"1194",1,1,3,1,54,4,2,5,0,1,1,1,1,1,1,4,1,1,3,1,2,2,3,4,3,3,4,4,1
"1195",3,7,4,2,23,4,1,0,0,1,12,12,2,3,2,4,3,1,4,2,3,2,5,5,5,4,2,5,1
"1196",2,2,4,1,40,4,1,4,0,1,4,1,1,3,2,3,2,1,3,2,2,2,3,3,3,3,4,4,1
"1197",2,5,8,2,25,4,1,0,0,1,6,6,1,7,0,2,1,2,4,2,3,1,3,3,2,3,3,4,1
"1198",3,2,8,2,59,5,1,2,0,1,1,1,1,7,0,6,1,4,4,3,3,2,3,3,3,1,4,5,1
"1199",2,4,6,2,45,4,2,3,0,1,3,13,1,4,2,3,1,3,3,4,3,4,3,2,2,2,3,2,1
"1200",3,2,4,1,52,5,1,2,0,1,14,1,2,4,1,3,1,1,3,5,3,2,3,3,3,3,3,3,1
"1201",3,2,4,2,51,5,1,3,0,1,13,8,2,7,0,3,1,3,3,5,3,1,2,2,2,2,3,3,1
"1202",3,2,3,2,47,5,1,2,0,1,8,8,2,7,0,2,1,1,3,1,2,1,3,3,3,2,3,4,1
"1203",1,1,7,1,25,3,2,0,0,1,1,1,1,7,0,3,2,4,4,2,2,2,1,2,1,1,1,1,1
"1204",2,3,5,1,31,5,1,3,0,1,7,14,1,3,2,3,2,1,5,2,2,2,3,3,3,3,3,3,1
"1205",2,2,3,1,64,4,2,0,0,1,4,1,1,7,0,5,1,1,3,5,2,2,3,3,3,3,3,3,1
"1206",3,2,3,1,63,4,2,1,0,1,10,10,2,3,2,1,1,1,3,2,3,3,3,2,2,2,2,3,1
"1207",1,1,0,2,56,2,2,9,0,1,11,11,1,7,0,4,2,1,4,2,2,2,4,4,2,2,3,3,1
"1208",3,5,3,1,44,3,2,4,0,1,10,10,3,3,1,3,2,1,4,4,2,4,3,4,4,3,3,3,1
"1209",3,2,7,1,26,3,2,1,0,1,14,14,2,1,2,4,1,1,3,4,2,4,2,4,4,3,2,2,1
"1210",3,5,3,2,37,3,2,0,0,1,10,6,2,3,2,2,2,1,1,5,1,1,3,3,3,3,3,3,1
"1211",3,3,1,1,29,4,2,0,0,1,14,14,2,7,0,6,2,2,3,5,1,1,3,3,2,3,2,4,1
"1212",2,4,1,2,54,4,1,0,0,1,3,3,1,7,0,2,2,3,4,5,1,1,4,2,2,2,4,4,1
"1213",2,3,4,2,31,4,2,3,0,1,14,2,1,3,2,2,1,1,1,1,2,1,2,2,2,2,3,3,1
"1214",3,3,6,2,31,4,2,3,0,1,11,2,2,3,2,2,2,1,3,2,3,2,3,4,4,3,4,3,1
"1215",3,7,5,2,21,4,1,0,0,1,12,12,1,7,0,3,1,4,4,2,3,2,3,3,3,1,4,4,1
"1216",1,1,2,2,46,6,0,5,0,1,1,1,1,3,1,3,2,3,3,2,2,2,3,2,2,1,4,4,1
"1217",2,3,3,2,61,4,2,3,0,1,2,3,1,7,0,4,1,1,3,3,2,2,3,3,3,2,4,4,1
"1218",3,2,7,1,20,4,1,0,0,1,8,8,2,3,2,2,1,1,4,3,2,3,2,2,1,1,4,5,1
"1219",3,2,1,2,62,1,1,0,0,1,8,8,2,7,0,6,1,3,3,3,3,3,3,3,3,3,3,4,1
"1220",2,3,1,2,56,4,2,0,0,1,2,2,1,1,1,3,1,2,1,3,2,1,3,1,2,3,4,5,1
"1221",3,2,1,1,20,3,1,0,0,1,3,8,2,3,1,2,1,1,1,4,2,3,4,4,4,2,4,5,1
"1222",3,6,3,2,34,4,2,0,0,1,15,15,2,8,0,6,1,1,1,4,2,3,4,4,3,4,4,3,1
"1223",2,4,8,2,24,4,1,0,0,1,3,3,1,7,0,2,2,1,5,4,2,1,3,3,3,3,3,3,1
"1224",3,2,3,2,46,6,0,3,0,1,8,8,2,4,2,2,2,4,3,4,2,3,3,3,3,3,3,3,1
"1225",4,2,5,2,38,4,2,5,0,1,8,8,3,7,0,2,1,1,3,1,2,1,3,3,3,3,3,3,1
"1226",1,1,6,2,45,3,2,0,0,1,1,1,1,8,0,4,3,4,1,1,2,1,3,3,3,3,3,3,1
"1227",3,6,2,1,42,3,2,3,0,1,15,11,2,7,0,6,3,4,1,2,1,1,3,3,3,3,3,3,1
"1228",3,7,9,1,46,4,2,1,0,1,11,11,2,3,1,3,1,1,3,2,2,3,4,1,1,1,5,5,1
"1229",2,5,1,2,36,2,2,5,0,1,6,6,2,8,0,6,1,3,3,3,2,2,3,3,3,3,3,3,1
"1230",1,1,4,2,43,3,2,3,0,1,1,3,1,7,0,2,1,1,5,4,3,3,3,3,3,4,3,4,1
"1231",2,5,7,1,58,4,2,3,0,1,9,6,1,7,0,3,1,1,3,4,2,2,3,3,3,3,3,4,1
"1232",2,3,1,2,42,3,2,0,0,1,12,12,1,7,0,6,3,4,3,2,3,2,3,1,1,3,3,3,1
"1233",1,1,1,2,57,5,1,2,0,1,1,1,1,5,1,2,2,3,4,3,3,3,3,3,4,4,4,4,1
"1234",1,1,2,2,61,5,1,1,0,1,14,1,1,7,0,4,1,1,3,3,2,4,4,3,3,3,4,4,1
"1235",3,2,11,2,24,4,2,2,0,1,8,1,2,1,1,3,1,2,3,4,3,3,1,1,2,2,2,2,1
"1236",1,1,5,2,27,3,2,2,0,1,10,1,1,7,0,2,1,2,1,1,2,2,4,4,4,4,3,4,1
"1237",1,1,3,1,55,3,2,4,0,1,9,9,1,3,1,2,2,2,3,2,2,2,3,4,3,3,4,4,1
"1238",4,3,3,1,49,4,2,4,0,1,15,13,1,1,1,4,1,1,3,2,1,1,3,3,3,3,3,3,1
"1239",3,2,5,1,50,4,1,3,0,1,10,10,1,7,0,3,1,2,4,2,1,1,3,3,3,3,3,3,1
"1240",3,6,5,1,49,4,2,3,0,1,15,15,2,3,1,3,1,1,4,2,2,1,3,2,2,3,4,4,1
"1241",4,7,3,1,61,4,2,3,0,1,12,12,3,4,2,2,2,1,3,3,2,3,3,4,4,4,4,4,1
"1242",3,2,0,1,52,5,1,2,0,1,10,1,2,3,1,3,1,1,3,4,3,4,3,3,3,3,3,4,1
"1243",3,3,3,1,60,4,2,0,0,1,13,13,2,4,1,3,1,1,3,4,1,1,3,3,3,4,4,3,1
"1244",2,4,5,1,55,4,1,1,0,1,3,9,1,2,1,4,1,2,3,4,2,3,3,3,3,3,3,3,1
"1245",3,2,3,2,55,4,2,0,0,1,1,1,2,8,0,3,1,1,4,5,3,3,4,3,3,3,3,3,1
"1246",1,1,5,2,28,4,2,5,0,1,5,1,1,5,2,3,1,2,3,5,2,2,5,5,2,4,4,4,1
"1247",3,3,5,1,36,4,2,5,0,1,13,13,2,1,2,2,1,1,3,1,2,3,4,3,4,3,3,4,1
"1248",4,6,3,1,45,3,2,4,0,1,9,9,3,7,0,3,1,2,3,3,1,1,3,3,3,3,3,3,1
"1249",1,1,0,1,43,6,0,2,0,1,12,2,1,7,0,2,2,1,3,3,3,3,3,3,3,3,3,3,1
"1250",1,1,11,2,23,4,2,0,0,1,11,11,2,3,1,1,1,3,4,3,1,1,5,5,5,5,1,4,1
"1251",4,6,1,2,56,4,2,9,0,1,1,1,3,7,0,6,1,1,3,4,2,2,3,3,3,3,3,3,1
"1252",2,7,4,2,44,4,2,1,0,1,5,5,1,3,1,2,2,2,5,4,2,2,4,4,4,4,4,4,1
"1253",2,4,6,2,22,4,1,0,0,1,3,3,1,8,0,6,3,1,4,5,3,2,3,3,3,3,3,3,1
"1254",2,3,5,1,55,3,2,1,0,1,2,14,1,7,0,2,1,1,3,1,2,3,2,1,1,3,4,4,1
"1255",3,7,4,1,44,4,1,3,0,1,12,12,2,3,1,2,1,3,3,1,1,1,3,3,4,3,3,4,1
"1256",1,1,2,2,69,3,2,9,0,1,13,13,2,8,0,3,1,1,3,3,1,1,4,4,4,4,2,5,1
"1257",2,4,2,1,58,4,2,5,0,1,3,3,1,7,0,5,1,1,4,3,2,2,3,3,3,3,4,3,1
"1258",3,2,5,2,41,3,2,3,0,1,8,8,3,7,0,6,1,1,3,3,2,2,3,3,3,3,3,3,1
"1259",3,7,5,1,40,4,2,3,0,1,11,11,2,8,0,4,1,2,4,4,3,2,3,3,3,2,3,4,1
"1260",1,1,7,2,38,4,1,3,0,1,9,1,1,7,0,2,1,3,4,4,3,2,3,3,3,3,3,3,1
"1261",3,6,8,1,23,4,1,0,0,1,15,15,2,7,0,4,3,2,3,5,3,3,4,3,3,2,3,4,1
"1262",3,2,0,2,47,6,0,9,0,1,13,1,2,7,0,3,2,1,3,5,2,2,5,5,5,5,5,5,1
"1263",2,4,3,1,68,1,2,9,0,1,3,3,1,1,2,4,1,1,4,1,3,2,4,3,4,4,4,3,1
"1264",2,4,11,2,22,4,2,0,0,1,13,3,1,7,0,6,1,2,1,3,2,1,3,3,3,3,3,3,1
"1265",3,6,2,2,26,3,2,0,0,1,9,9,1,3,2,2,2,1,3,4,2,2,3,2,2,2,4,4,1
"1266",2,5,3,1,45,4,1,0,0,1,11,11,1,3,2,3,1,1,4,1,1,1,3,3,3,3,3,3,1
"1267",2,7,3,2,35,4,2,0,0,1,5,5,1,3,1,2,1,1,4,1,2,2,2,2,2,2,2,2,1
"1268",3,2,0,1,20,2,1,0,0,1,1,8,1,7,0,4,1,3,2,2,4,3,2,1,2,1,1,1,1
"1269",3,7,3,2,58,4,2,2,0,1,11,12,2,1,1,5,1,1,3,5,1,2,1,1,1,1,4,4,1
"1270",3,5,3,1,44,4,2,3,0,1,12,8,2,7,0,3,1,2,3,1,1,1,3,3,3,3,3,3,1
"1271",1,1,11,1,56,4,2,1,0,1,13,13,1,7,0,3,1,1,3,1,3,3,5,3,5,5,5,5,1
"1272",1,1,8,2,37,4,2,3,0,1,13,1,1,3,2,3,2,3,3,2,3,3,3,3,3,3,3,3,1
"1273",1,1,3,1,55,5,1,3,0,1,5,6,2,4,1,3,1,1,3,2,3,2,2,4,3,4,3,2,1
"1274",4,7,4,2,27,3,2,4,0,1,12,12,3,7,0,6,1,3,1,2,1,1,3,3,3,3,3,3,1
"1275",2,2,8,1,23,4,1,0,0,1,4,11,2,7,0,1,4,2,5,3,2,1,3,3,3,3,3,3,1
"1276",1,1,5,2,46,3,2,3,0,1,10,10,3,4,2,3,1,1,4,3,4,4,3,3,3,3,3,3,1
"1277",2,2,5,2,40,3,2,5,0,1,8,4,1,7,0,3,2,3,5,3,2,2,4,3,3,3,3,3,1
"1278",4,6,2,2,42,3,2,4,0,1,15,15,3,8,0,4,3,2,4,4,2,3,3,4,3,4,3,3,1
"1279",3,2,3,1,54,4,2,3,0,1,8,13,2,2,1,4,1,1,4,5,1,1,4,4,4,3,3,3,1
"1280",3,3,3,1,51,3,2,3,0,1,2,2,2,5,1,1,4,2,3,1,2,1,5,5,5,5,5,5,1
"1281",3,2,3,1,52,3,2,4,0,1,8,8,2,1,1,4,1,2,4,2,2,2,3,3,3,3,3,3,1
"1282",4,3,6,1,33,4,2,2,0,1,14,14,2,8,0,4,1,1,3,2,3,2,3,3,3,3,3,3,1
"1283",3,2,0,2,34,2,2,9,0,1,8,8,2,7,0,6,2,3,4,2,4,1,3,3,1,3,3,3,1
"1284",2,3,2,2,53,4,1,0,0,1,14,2,1,2,2,3,1,1,4,3,2,2,3,3,3,3,5,3,1
"1285",2,5,5,2,51,4,2,5,0,1,1,1,1,8,0,4,1,2,4,3,2,3,3,3,3,3,3,3,1
"1286",4,6,5,1,30,4,2,3,0,1,2,2,1,3,2,2,1,1,4,5,2,3,3,2,2,3,3,3,1
"1287",3,6,8,2,34,4,1,0,0,1,10,9,2,8,0,6,1,2,3,5,2,2,3,1,1,1,3,3,1
"1288",2,7,3,1,34,3,2,3,0,1,5,5,1,8,0,5,2,2,4,5,3,3,4,4,4,4,4,4,1
"1289",3,3,0,2,20,3,1,0,0,1,14,14,1,7,0,2,1,3,2,1,3,2,4,4,2,2,2,2,1
"1290",4,5,5,2,44,4,2,3,0,1,10,10,3,3,1,2,1,1,3,1,1,2,2,2,2,2,5,3,1
"1291",3,6,4,1,53,4,2,3,0,1,11,15,2,3,1,2,2,1,5,2,2,2,4,1,1,1,5,5,1
"1292",3,3,2,1,56,4,2,4,0,1,13,13,2,7,0,3,4,1,4,3,1,1,3,3,3,3,3,3,1
"1293",1,1,2,2,61,3,2,0,0,1,8,1,1,1,1,2,2,2,4,3,2,1,3,3,3,3,3,3,1
"1294",2,4,3,1,67,3,2,4,0,1,13,13,1,5,1,3,2,3,3,4,1,4,3,3,3,3,4,4,1
"1295",4,3,2,2,28,5,1,3,0,1,12,13,2,3,1,2,1,2,4,4,2,1,3,2,1,1,4,3,1
"1296",3,2,4,1,40,6,0,3,0,1,15,8,2,7,0,3,1,2,5,5,3,1,3,4,3,3,3,3,1
"1297",3,2,0,2,57,4,1,0,0,1,1,1,1,1,1,3,3,3,2,5,1,1,5,5,5,3,5,4,1
"1298",1,1,5,1,42,4,2,5,0,1,9,1,2,7,0,2,1,1,5,5,2,2,3,3,3,4,2,2,1
"1299",3,2,6,2,43,4,2,0,0,1,5,4,1,6,2,3,3,1,4,3,2,2,5,3,1,1,4,5,1
"1300",3,2,6,1,31,4,2,0,0,1,11,11,2,7,0,2,1,1,4,1,2,1,4,2,2,2,4,4,1
"1301",1,1,11,1,50,4,2,1,0,1,1,1,1,7,0,4,1,2,4,2,3,2,3,3,3,3,3,3,1
"1302",3,3,4,1,38,4,2,0,0,1,13,13,2,7,0,3,1,2,4,2,2,3,1,1,1,1,5,5,1
"1303",3,2,8,1,52,4,2,3,0,1,1,1,2,7,0,1,1,1,3,2,3,3,3,3,3,3,3,3,1
"1304",2,4,4,2,44,2,2,9,0,1,3,3,2,8,0,6,1,2,3,3,1,2,3,3,3,3,3,3,1
"1305",1,1,10,1,46,4,2,2,0,1,8,1,1,2,2,4,1,1,4,4,3,2,4,4,4,4,4,4,1
"1306",1,1,5,1,29,4,2,0,0,1,2,2,1,3,2,4,1,2,1,4,3,4,5,3,1,5,5,5,1
"1307",2,2,7,2,45,3,2,0,0,1,4,10,1,7,0,3,1,1,3,2,4,4,5,5,5,5,5,5,1
"1308",1,1,4,2,53,3,2,5,0,1,1,1,1,3,1,3,2,2,4,3,1,3,3,3,3,3,3,3,1
"1309",3,6,3,2,54,4,2,2,0,1,15,15,2,3,1,2,2,2,1,4,1,1,3,3,3,3,3,4,1
"1310",3,2,3,2,48,5,1,2,0,1,8,1,1,8,0,4,2,1,4,3,2,1,3,3,3,3,3,3,1
"1311",1,1,11,2,27,4,1,3,0,1,1,1,1,7,0,6,3,3,1,1,3,3,4,4,4,4,4,4,1
"1312",2,2,3,2,40,3,2,0,0,1,4,15,1,3,1,3,2,1,5,1,2,2,3,3,3,3,3,3,1
"1313",2,4,1,2,49,3,2,0,0,1,13,13,1,7,0,2,1,1,2,1,2,2,3,3,3,3,3,3,1
"1314",1,1,11,1,45,4,2,2,0,1,10,1,1,5,2,2,1,1,3,2,2,2,4,4,4,2,3,4,1
"1315",3,3,3,2,53,2,2,6,0,1,14,14,3,7,0,4,3,3,5,2,1,1,3,3,3,1,2,2,1
"1316",1,1,8,1,33,4,1,4,0,1,1,1,1,7,0,2,2,3,3,3,3,4,4,4,4,4,4,4,1
"1317",1,1,5,1,56,4,1,1,0,1,12,12,3,7,0,3,2,1,3,3,3,3,3,3,3,3,3,3,1
"1318",1,1,2,1,61,4,2,2,0,1,1,1,1,7,0,1,2,1,4,3,2,2,4,2,3,3,4,4,1
"1319",3,6,8,1,23,4,1,0,0,1,15,15,2,8,0,2,1,2,4,4,1,2,3,3,3,3,3,3,1
"1320",2,7,4,1,45,3,2,5,0,1,5,5,1,3,1,2,1,2,3,5,3,1,4,3,3,3,4,4,1
"1321",3,2,6,2,44,3,2,5,0,1,8,1,1,8,0,6,1,3,4,1,1,1,3,3,3,3,3,3,1
"1322",3,6,0,2,42,2,1,0,0,1,15,15,2,3,1,3,2,2,1,2,2,2,5,1,1,5,5,5,1
"1323",3,6,3,2,50,4,2,3,0,1,15,15,2,4,1,1,2,1,5,4,1,2,3,3,3,3,3,3,1
"1324",3,2,0,2,24,2,1,0,0,1,1,1,2,4,2,3,2,1,4,4,2,2,4,2,2,2,4,4,1
"1325",4,6,3,1,37,4,2,7,0,1,4,4,2,7,0,3,1,1,3,5,3,3,3,3,3,3,3,3,1
"1326",3,7,6,2,51,4,1,5,0,1,12,6,2,4,1,3,2,2,3,5,1,1,3,3,3,3,3,4,1
"1327",3,2,5,1,37,4,2,3,0,1,8,4,2,5,2,2,1,2,4,2,3,2,4,4,4,2,2,4,1
"1328",1,1,11,1,42,4,2,2,0,1,1,1,1,2,2,2,1,3,3,3,3,2,3,2,2,2,2,1,1
"1329",2,3,1,2,58,2,2,9,0,1,2,14,1,3,2,3,1,3,4,5,2,3,3,1,2,1,5,5,1
"1330",3,2,1,2,57,5,1,2,0,1,8,8,2,1,1,4,2,1,4,5,3,3,4,4,3,3,3,3,1
"1331",2,7,2,1,23,4,1,0,0,1,5,5,1,7,0,2,2,4,4,1,1,2,3,2,1,1,1,2,1
"1332",2,4,9,2,26,4,1,0,0,1,1,14,1,7,0,6,1,1,2,1,1,1,3,1,1,5,1,5,1
"1333",3,2,10,2,49,3,2,3,0,1,12,12,3,7,0,3,4,3,4,2,4,4,5,5,5,5,5,5,1
"1334",1,1,3,2,55,5,1,0,0,1,10,10,3,1,2,4,1,3,3,2,2,2,3,3,3,3,3,3,1
"1335",3,6,3,1,67,4,2,0,0,1,15,15,2,7,0,3,2,1,4,2,1,2,3,3,3,3,3,3,1
"1336",3,2,3,1,65,4,2,0,0,1,8,14,2,7,0,4,1,1,3,2,1,2,3,3,3,3,3,2,1
"1337",3,2,5,2,53,4,1,3,0,1,8,8,2,3,1,3,1,1,3,3,2,1,3,3,3,3,3,3,1
"1338",2,5,8,2,61,5,1,0,0,1,6,6,1,3,1,2,1,1,3,4,2,2,2,2,2,4,2,3,1
"1339",1,1,4,2,55,3,2,0,0,1,1,1,2,1,1,1,2,1,2,5,1,1,3,3,3,3,3,3,1
"1340",4,7,6,1,34,4,2,4,0,1,11,11,2,4,1,3,1,2,4,1,2,1,4,3,4,4,3,4,1
"1341",3,3,5,2,54,3,2,9,0,1,14,14,3,1,1,1,1,4,3,3,3,2,4,4,4,4,4,3,1
"1342",2,5,5,2,35,4,2,3,0,1,10,10,3,3,1,2,2,1,4,5,2,2,4,4,3,4,4,4,1
"1343",3,7,2,2,53,3,2,0,0,1,11,11,2,8,0,3,3,3,3,1,2,1,3,3,3,3,2,4,1
"1344",2,7,2,2,69,3,2,5,0,1,5,5,1,3,1,2,1,1,3,2,3,2,4,2,2,4,4,4,1
"1345",1,1,2,1,59,4,2,0,0,1,8,1,1,7,0,4,1,2,3,3,2,2,2,4,3,3,3,3,1
"1346",3,3,5,1,34,4,1,3,0,1,14,14,2,1,2,4,2,2,4,1,3,2,4,3,3,2,2,2,1
"1347",1,1,0,2,45,3,1,0,0,1,12,1,1,8,0,4,1,1,5,2,1,2,4,4,5,5,4,3,1
"1348",1,1,6,2,77,4,2,0,0,1,11,1,1,5,1,1,1,1,3,2,2,2,3,3,4,3,2,3,1
"1349",4,7,3,2,21,4,1,0,0,1,12,12,3,7,0,6,2,3,1,3,2,3,3,3,3,3,3,3,1
"1350",3,2,2,1,45,3,2,4,0,1,1,1,2,7,0,4,1,2,3,5,4,3,3,3,3,3,3,3,1
"1351",2,4,3,2,35,4,2,0,0,1,3,3,1,7,0,5,2,3,4,5,2,3,3,2,2,1,3,1,1
"1352",1,1,5,1,42,4,2,2,0,1,1,1,1,4,2,4,1,1,3,5,3,2,4,4,3,3,4,4,1
"1353",2,4,9,1,37,3,2,1,0,1,3,3,1,7,0,4,1,2,4,5,1,3,4,4,3,3,3,3,1
"1354",3,2,5,1,34,4,2,3,0,1,13,13,2,7,0,2,1,1,3,1,1,2,3,2,2,1,4,3,1
"1355",2,3,7,1,52,4,2,5,0,1,2,14,1,3,2,2,2,4,4,1,3,1,3,3,4,4,4,4,1
"1356",2,2,5,2,24,4,1,0,0,1,10,4,1,7,0,2,1,1,3,1,3,2,4,4,2,5,4,5,1
"1357",3,6,2,1,46,4,2,0,0,1,9,9,2,3,1,2,1,1,4,2,2,4,3,3,3,2,3,3,1
"1358",4,6,0,2,34,6,0,9,0,1,9,8,3,7,0,6,1,2,4,3,4,3,3,3,3,3,3,3,1
"1359",3,6,11,2,41,2,2,0,0,1,1,1,2,8,0,6,1,1,4,3,3,4,1,1,1,1,1,1,1
"1360",3,3,6,2,55,3,2,2,0,1,2,14,1,7,0,3,1,2,3,3,3,3,3,3,4,3,3,3,1
"1361",2,7,2,1,61,4,2,3,0,1,5,5,1,3,2,3,1,1,3,5,2,2,3,2,2,2,4,4,1
"1362",3,2,5,2,22,4,1,0,0,1,8,8,2,3,2,2,2,1,4,5,2,3,3,1,3,3,5,5,1
"1363",3,2,9,2,21,4,1,0,0,1,1,1,2,7,0,3,1,4,4,5,2,2,2,2,2,1,1,1,1
"1364",2,5,3,1,40,4,2,3,0,1,6,1,1,3,1,1,2,2,3,1,1,1,1,5,5,5,5,5,1
"1365",1,1,5,2,56,4,1,9,0,1,8,1,1,7,0,4,1,1,4,1,3,3,3,3,3,2,4,2,1
"1366",3,3,3,2,52,3,2,0,0,1,14,14,2,8,0,3,1,3,1,1,2,3,3,3,2,2,4,3,1
"1367",3,3,6,2,20,3,2,2,0,1,14,14,2,8,0,3,3,1,4,2,1,1,3,3,3,3,3,3,1
"1368",3,5,4,1,48,4,2,3,0,1,10,10,2,7,0,3,3,3,4,3,2,1,3,3,3,3,3,3,1
"1369",3,5,6,2,20,4,1,0,0,1,10,10,2,3,2,2,1,1,4,3,1,1,5,3,3,3,3,4,1
"1370",2,5,6,2,52,4,2,0,0,1,3,3,1,7,0,4,1,1,3,4,3,3,4,3,3,3,3,3,1
"1371",2,5,2,2,43,4,1,2,0,1,10,10,1,3,1,2,1,1,3,2,2,2,3,3,4,2,3,3,1
"1372",2,5,2,2,57,4,2,0,0,1,9,6,1,3,1,1,2,1,3,1,3,1,2,3,3,3,3,3,1
"1373",1,1,3,2,39,3,2,3,0,1,10,1,2,8,0,3,2,3,4,1,1,2,3,3,3,3,3,3,1
"1374",2,2,0,2,62,4,1,9,0,1,4,4,2,4,1,5,2,4,4,1,2,2,3,2,4,3,4,2,1
"1375",4,5,8,1,39,4,2,2,0,1,6,6,1,8,0,6,2,2,5,3,3,4,3,3,3,3,3,3,1
"1376",3,7,2,2,48,3,2,0,0,1,12,12,3,3,2,2,2,2,2,4,2,2,3,3,3,3,3,3,1
"1377",4,7,4,1,29,4,2,0,0,1,12,12,3,7,0,3,3,2,4,5,4,4,3,3,3,3,3,3,1
"1378",3,6,4,2,45,3,2,6,0,1,15,8,2,7,0,6,1,3,5,5,4,4,3,3,4,4,3,2,1
"1379",1,1,0,1,30,1,1,0,0,1,1,12,2,4,1,2,2,2,4,1,1,1,3,3,3,1,1,1,1
"1380",3,2,3,2,21,4,1,0,0,1,8,8,1,4,2,3,1,4,5,2,2,3,1,1,1,1,5,5,1
"1381",3,2,4,1,52,3,2,3,0,1,8,8,2,4,1,3,1,1,4,4,1,3,4,4,4,4,4,4,1
"1382",1,1,7,2,45,3,2,0,0,1,2,2,1,8,0,3,2,1,3,4,2,2,5,4,3,4,4,4,1
"1383",2,7,2,2,30,5,1,2,0,1,5,8,1,3,2,3,2,3,4,5,2,3,4,4,3,3,3,4,1
"1384",2,3,3,2,33,4,2,3,0,1,2,2,1,8,0,3,2,1,2,1,1,2,3,3,3,3,3,3,1
"1385",2,2,0,2,56,4,2,4,0,1,8,8,1,7,0,6,2,2,3,3,3,2,3,3,3,3,3,3,1
"1386",2,4,2,1,29,4,2,5,0,1,3,3,1,3,2,3,2,2,4,3,1,1,4,2,2,2,2,2,1
"1387",2,2,2,1,40,6,0,2,0,1,4,8,1,3,1,3,2,3,4,5,2,2,3,3,3,3,3,3,1
"1388",3,2,0,1,60,4,2,0,0,1,8,8,2,8,0,3,3,3,4,4,1,2,3,3,3,3,2,3,1
"1389",3,2,5,2,25,4,1,0,0,1,1,8,2,3,1,1,2,1,4,4,3,3,3,3,3,3,3,3,1
"1390",3,3,8,1,24,4,1,0,0,1,12,1,2,3,2,2,2,1,4,5,2,3,3,3,3,3,3,3,1
"1391",1,1,7,1,35,4,1,5,0,1,1,1,1,7,0,6,1,1,5,3,3,4,4,4,4,4,4,4,1
"1392",1,1,3,2,69,4,2,3,0,1,1,1,1,3,1,2,2,1,1,3,2,3,3,4,4,3,2,3,1
"1393",3,7,4,1,61,3,2,3,0,1,11,11,2,3,2,2,2,1,3,5,2,1,2,2,2,2,4,4,1
"1394",1,1,10,1,45,4,2,1,0,1,1,1,1,3,1,4,2,1,3,1,2,1,3,3,3,2,3,3,1
"1395",1,1,0,1,40,1,1,0,0,1,1,1,1,8,0,6,2,4,4,1,2,1,3,3,3,3,3,3,1
"1396",1,1,9,1,43,4,2,2,0,1,1,1,1,8,0,2,1,1,5,2,2,3,4,3,4,3,4,3,1
"1397",2,2,1,2,48,6,0,0,0,1,2,3,1,8,0,6,1,2,4,2,2,2,3,3,4,3,4,4,1
"1398",2,5,11,1,40,4,2,3,0,1,2,2,1,3,1,1,1,1,3,4,2,3,4,4,3,4,4,3,1
"1399",3,2,5,2,59,5,1,2,0,1,8,1,1,3,1,1,2,3,5,5,1,1,3,3,3,3,3,3,1
"1400",2,3,5,1,42,3,2,5,0,1,9,9,1,7,0,5,3,1,4,4,2,2,3,3,3,3,3,3,1
"1401",2,2,2,2,71,1,2,4,0,1,9,9,3,4,2,3,2,2,2,4,1,1,3,3,3,3,3,3,1
"1402",2,7,3,1,41,4,2,4,0,1,5,1,1,4,1,2,1,1,4,4,2,1,3,4,4,3,4,4,1
"1403",2,5,4,1,24,4,1,0,0,1,6,6,1,7,0,2,2,2,3,1,2,3,3,3,3,3,5,5,1
"1404",2,7,2,2,43,5,1,2,0,1,5,5,1,7,0,6,1,1,4,2,2,2,4,4,3,5,2,3,1
"1405",3,6,4,1,29,4,2,0,0,1,9,9,2,7,0,3,1,1,4,3,3,3,3,3,3,3,3,3,1
"1406",2,2,5,2,50,4,1,0,0,1,14,14,1,7,0,4,1,1,4,5,3,2,4,3,3,3,3,3,1
"1407",2,4,3,1,24,4,1,0,0,1,6,7,1,2,1,2,1,3,3,5,2,2,2,3,3,1,3,3,1
"1408",2,5,1,1,45,3,2,0,0,1,6,9,1,7,0,3,2,1,3,1,1,1,4,4,4,4,4,4,1
"1409",3,6,5,1,34,4,1,4,0,1,9,9,2,3,1,3,2,1,5,2,3,2,3,3,3,3,3,3,1
"1410",2,7,6,2,43,4,2,3,0,1,5,2,3,3,2,3,3,1,4,4,1,1,3,4,3,3,3,3,1
"1411",1,1,2,2,51,5,1,2,0,1,1,1,1,8,0,2,2,1,3,5,2,2,2,2,1,1,1,1,1
"1412",2,2,11,1,47,4,2,1,0,1,14,4,1,2,2,4,1,1,4,5,3,2,3,4,3,4,3,3,1
"1413",3,5,3,1,61,4,2,0,0,1,1,8,2,7,0,2,1,1,4,5,3,1,4,5,4,4,4,4,1
"1414",4,5,4,1,39,3,2,3,0,1,10,10,3,7,0,2,2,4,4,2,2,1,3,3,3,3,3,3,1
"1415",3,3,7,2,30,4,2,3,0,1,14,14,2,7,0,6,1,2,5,1,2,3,3,3,3,3,3,3,1
"1416",3,6,6,2,41,4,2,2,0,1,15,15,2,2,2,2,2,4,3,5,3,3,4,4,4,4,4,4,1
"1417",3,6,8,1,47,4,2,3,0,1,8,1,2,7,0,2,2,3,4,1,1,1,3,3,3,3,3,3,1
"1418",3,3,3,1,53,6,0,0,0,1,13,13,2,6,1,3,1,1,3,1,1,1,5,4,5,4,3,4,1
"1419",1,1,9,2,26,4,2,3,0,1,1,1,1,7,0,6,1,4,4,2,3,3,5,3,3,3,3,3,1
"1420",3,2,3,1,68,4,2,0,0,1,8,1,2,8,0,4,2,1,1,3,2,1,3,3,3,3,3,3,1
"1421",1,1,3,1,64,5,1,3,0,1,5,5,1,3,2,4,1,2,4,3,2,3,4,3,3,3,4,3,1
"1422",3,3,8,2,47,4,1,3,0,1,14,14,3,8,0,6,1,3,3,1,1,1,1,1,1,1,1,1,1
"1423",4,7,3,1,43,3,2,5,0,1,12,12,3,3,2,3,1,1,5,5,1,2,3,3,3,3,3,3,1
"1424",2,5,7,1,39,4,2,2,0,1,3,3,1,3,1,3,2,1,3,3,2,2,3,3,3,3,4,3,1
"1425",2,4,5,1,60,4,2,3,0,1,13,3,1,3,2,3,1,2,4,1,1,1,3,3,2,2,2,2,1
"1426",3,6,4,2,59,3,2,9,0,1,15,15,2,7,0,3,1,2,3,2,2,2,3,3,3,3,3,3,1
"1427",1,1,2,1,25,4,1,0,0,1,1,1,1,7,0,2,1,1,4,5,3,1,4,3,3,4,3,4,1
"1428",3,3,3,1,49,3,2,4,0,1,2,2,1,2,1,1,1,1,3,5,2,2,4,4,4,4,4,4,1
"1429",2,7,4,2,37,4,2,0,0,1,5,5,1,3,1,3,2,2,5,2,1,1,3,3,3,3,3,3,1
"1430",1,1,1,1,53,3,2,5,0,1,12,12,2,3,2,3,3,1,3,3,2,2,3,3,3,3,3,3,1
"1431",3,2,8,1,22,4,1,0,0,1,1,1,1,6,2,6,4,1,3,5,1,1,3,3,3,3,3,3,1
"1432",1,1,6,1,29,4,2,3,0,1,16,16,3,8,0,6,3,2,2,5,1,1,1,1,1,1,1,1,1
"1433",1,1,10,2,53,3,2,5,0,1,11,11,2,3,1,2,2,1,4,2,1,1,3,3,3,3,3,3,1
"1434",3,7,0,1,21,3,1,0,0,1,1,1,1,7,0,6,2,3,5,3,3,3,3,3,3,3,3,3,1
"1435",3,7,3,1,61,4,2,3,0,1,11,11,2,5,1,1,4,2,4,3,1,1,3,3,3,3,3,3,1
"1436",2,7,3,1,33,3,2,4,0,1,5,5,1,7,0,6,1,2,4,5,2,1,3,3,3,3,3,3,1
"1437",3,3,1,2,34,3,1,0,0,1,14,14,2,1,1,2,3,3,5,1,1,1,3,3,3,4,3,4,1
"1438",1,1,10,1,45,4,2,3,0,1,1,1,1,3,1,2,1,1,4,4,1,1,4,3,3,3,3,3,1
"1439",3,3,2,2,48,3,2,0,0,1,14,14,2,8,0,6,1,1,3,5,1,1,3,3,3,3,3,3,1
"1440",3,2,8,2,25,4,2,3,0,1,1,8,2,7,0,6,2,3,3,2,3,1,3,3,3,3,3,3,1
"1441",3,2,3,2,31,1,2,9,0,1,1,8,2,8,0,6,4,2,2,1,1,1,3,3,3,3,3,3,1
"1442",3,2,4,2,36,3,2,0,0,1,8,8,2,8,0,6,4,1,2,4,1,1,1,1,1,1,1,1,1
"1443",2,4,2,1,40,3,2,3,0,1,3,3,1,3,1,3,1,1,2,4,3,2,3,3,3,3,3,3,1
"1444",3,2,4,2,41,4,2,0,0,1,8,10,3,6,2,6,1,2,4,5,3,3,3,3,3,3,3,3,1
"1445",2,3,11,2,27,4,2,3,0,1,2,2,1,7,0,3,1,4,1,3,2,2,3,3,3,3,3,3,1
"1446",3,2,7,1,47,4,2,3,0,1,8,8,2,6,1,1,1,1,3,5,4,4,5,5,5,5,5,5,1
"1447",4,7,3,2,60,4,2,0,0,1,11,11,3,6,2,6,1,3,1,5,2,1,3,4,4,3,4,3,1
"1448",1,1,9,1,40,4,2,1,0,1,11,11,2,3,1,2,1,1,3,1,1,1,3,3,3,3,3,3,1
"1449",2,3,1,2,63,2,2,0,0,1,2,2,2,6,1,3,1,2,3,1,1,1,3,3,3,4,3,3,1
"1450",1,1,0,2,35,6,0,0,0,1,1,1,1,6,2,6,4,4,2,1,1,1,3,3,3,3,3,3,1
"1451",3,6,1,1,27,5,1,2,0,1,1,1,2,7,0,3,1,4,3,3,1,1,3,3,3,3,3,3,1
"1452",3,6,7,2,30,4,2,2,0,1,15,15,2,7,0,3,1,2,5,4,3,3,3,3,3,3,3,3,1
"1453",3,2,4,2,23,3,2,0,0,1,8,1,1,7,0,4,4,3,4,5,2,2,3,3,3,3,3,3,1
"1454",3,6,3,1,28,4,1,4,0,1,6,10,2,8,0,6,2,4,4,2,2,1,4,3,3,3,3,3,1
"1455",2,3,2,2,56,4,2,2,0,1,1,1,1,8,0,6,3,3,4,1,2,2,3,3,3,3,3,3,1
"1456",1,1,5,1,35,4,2,5,0,1,13,1,1,8,0,4,1,2,4,2,2,3,4,3,3,3,3,3,1
"1457",2,7,0,2,57,6,0,9,0,1,1,1,1,1,1,3,2,4,2,3,1,1,3,3,3,3,3,3,1
"1458",2,4,3,2,32,3,2,0,0,1,3,3,2,3,2,6,2,4,5,1,1,1,3,3,3,3,3,3,1
"1459",2,5,2,1,52,3,2,0,0,1,6,6,1,8,0,3,1,2,4,1,3,3,5,5,5,5,5,5,1
"1460",2,4,4,1,65,4,2,0,0,1,1,1,1,4,1,2,1,3,3,2,1,2,3,3,3,2,4,4,1
"1461",2,2,0,2,63,3,2,4,0,1,10,10,1,4,1,2,1,2,4,3,1,1,3,2,2,3,2,3,1
"1462",2,4,6,1,23,4,1,0,0,1,3,3,1,8,0,3,1,2,4,4,1,1,3,3,3,3,3,3,1
"1463",1,1,3,1,25,3,2,0,0,1,10,1,2,1,1,1,3,3,3,2,1,1,1,1,1,1,1,1,1
"1464",1,1,11,1,42,4,2,2,0,1,11,11,1,3,1,2,1,1,5,5,1,2,3,3,3,3,3,3,1
